FAN,STATS,Player,P,Age,Exp,G,MPG,PPG,RPG,APG,BPG,SPG,2pt,3pt,ft,ORPG,DRPG,TPG,ADP,O,FPPG,FPPM
CAM,"Kevin Durant
(OKL)",Add,F,25,7,81,38.5,32,7.4,5.5,0.7,1.3,0.55,0.39,0.87,0.7,6.7,3.5,1.8,93,58.9,1.53
ST.,"Kevin Love
(CLE)",Add,FC,26,6,77,36.3,26.1,12.5,4.5,0.5,0.8,0.5,0.38,0.82,2.9,9.6,2.5,6.1,97,55.6,1.53
MAC,"LeBron James
(CLE)",Add,F,29,11,77,37.7,27.1,6.9,6.3,0.3,1.6,0.62,0.38,0.75,1.1,5.9,3.5,3.8,93,52,1.38
VIC,"Carmelo Anthony
(NYK)",Add,F,30,11,77,38.7,27.4,8.1,3.1,0.7,1.2,0.47,0.4,0.85,1.9,6.2,2.6,9.4,97,51.7,1.33
BEL,"LaMarcus Aldridge
(POR)",Add,FC,29,8,69,36.2,23.2,11.1,2.6,1,0.9,0.46,0.2,0.82,2.4,8.7,1.8,7.2,97,50.2,1.39
MAC,"Stephen Curry
(GSW)",Add,G,26,5,78,36.4,24,4.3,8.5,0.2,1.7,0.51,0.42,0.89,0.6,3.7,3.8,9.3,93,47.5,1.3
ILH,"Blake Griffin
(LAC)",Add,F,25,4,80,35.8,24.1,9.5,3.8,0.6,1.1,0.54,0.27,0.72,2.4,7.1,2.8,8.8,91,47.1,1.31
PN,"James Harden
(HOU)",Add,G,25,5,73,38.1,25.4,4.7,6.1,0.4,1.6,0.52,0.37,0.87,0.8,3.9,3.6,10.3,91,47,1.23
IPA,"DeMarcus Cousins
(SAC)",Add,C,24,4,71,32.4,22.7,11.7,2.9,1.3,1.5,0.5,0,0.73,3.1,8.6,3.5,8.4,93,46.4,1.43
THU,"Al Jefferson
(CHA)",Add,C,29,10,73,35.1,21.8,10.8,2.1,1.1,0.9,0.51,0.2,0.69,2.1,8.7,1.7,13.5,93,46.3,1.32
SAN,"Russell Westbrook
(OKL)",Add,G,25,6,46,30.6,21.8,5.7,6.9,0.2,1.9,0.48,0.32,0.83,1.2,4.5,3.8,11.2,91,45.2,1.48
GOO,"Chris Paul
(LAC)",Add,G,29,9,62,35,19.1,4.3,10.7,0.1,2.5,0.5,0.37,0.86,0.6,3.7,2.3,8.9,93,44.6,1.28
BH,"Anthony Davis
(NOR)",Add,FC,21,2,67,35.2,20.8,10,1.6,2.8,1.3,0.52,0.22,0.79,3.1,7,1.6,5.6,93,44.6,1.27
SPR,"Paul George *
(IND)",Add,GF,24,4,80,36.3,21.7,6.8,3.5,0.3,1.9,0.46,0.36,0.86,0.8,6,2.8,134,52,43.3,1.19
VI�,"DeMar DeRozan
(TOR)",Add,GF,25,5,79,38.2,22.7,4.3,4,0.4,1.1,0.45,0.3,0.82,0.6,3.7,2.2,27.6,93,41.8,1.09
IP�,"John Wall
(WAS)",Add,G,24,4,82,36.3,19.3,4.1,8.8,0.5,1.8,0.46,0.35,0.8,0.5,3.6,3.6,17.1,93,41.6,1.15
CEN,"Kyrie Irving
(CLE)",Add,G,22,3,71,35.2,20.8,3.6,6.1,0.3,1.5,0.46,0.36,0.86,0.7,2.9,2.7,24,93,41.1,1.17
THU,"Dirk Nowitzki
(DAL)",Add,F,36,16,80,32.8,21.7,6.2,2.7,0.6,0.9,0.53,0.4,0.9,0.5,5.7,1.5,22.7,97,41,1.25
VAL,"Damian Lillard
(POR)",Add,G,24,2,82,35.8,20.7,3.5,5.5,0.3,0.8,0.45,0.39,0.87,0.4,3.1,2.4,22.9,93,39.3,1.1
FSA,"Dwight Howard
(HOU)",Add,C,28,10,71,33.7,18.3,12.2,1.8,1.8,0.8,0.59,0.29,0.55,3.3,8.9,3.2,11.8,93,39.2,1.16
VAL,"Al Horford
(ATL)",Add,FC,28,7,29,33.1,18.6,8.4,2.6,1.5,0.9,0.57,0.36,0.68,2.3,6.1,2.2,23.8,93,39,1.18
VAL,"Paul Millsap
(ATL)",Add,F,29,8,74,33.5,17.9,8.5,3.1,1.1,1.7,0.49,0.36,0.73,2.1,6.4,2.5,26.6,93,39,1.16
ENG,"Pau Gasol
(CHI)",Add,FC,34,13,60,31.4,17.4,9.7,3.4,1.5,0.4,0.48,0.29,0.74,2.1,7.6,2.4,24.1,93,39,1.24
NEG,"Kemba Walker
(CHA)",Add,G,24,3,73,35.8,17.7,4.2,6.1,0.4,1.2,0.42,0.33,0.84,0.5,3.7,2.3,47.1,91,38.1,1.06
VIS,"Kyle Lowry
(TOR)",Add,G,28,8,79,36.2,17.9,4.7,7.4,0.2,1.5,0.46,0.38,0.81,1.1,3.6,2.5,31,93,38.1,1.05
IPA,"Ty Lawson
(DEN)",Add,G,26,5,62,35.9,17.6,3.5,8.8,0.2,1.6,0.46,0.36,0.8,0.7,2.8,3.2,40.2,89,37.9,1.06
NY,"Rudy Gay
(SAC)",Add,F,28,8,73,34.7,20,6,2.9,0.8,1.3,0.48,0.33,0.82,1.5,4.4,3.1,45.9,88,37.9,1.09
BEL,"Isaiah Thomas
(PHO)",Add,G,25,3,72,34.6,20.3,2.9,6.3,0.1,1.3,0.5,0.35,0.85,0.7,2.3,3,54.1,91,37.8,1.09
FSA,"Goran Dragic
(PHO)",Add,G,28,6,76,35.1,20.3,3.2,5.9,0.3,1.4,0.54,0.41,0.76,0.9,2.3,2.8,35.1,97,37.7,1.07
IP�,"Ryan Anderson *
(NOR)",Add,F,26,6,22,36.1,19.8,6.4,0.8,0.3,0.5,0.46,0.41,0.95,3,3.5,0.9,69.9,78,37.5,1.04
BJ,"Zach Randolph
(MEM)",Add,F,33,13,79,34.3,17.4,10.1,2.5,0.3,0.7,0.47,0.1,0.74,3.4,6.7,2.3,38.6,91,37.5,1.09
IP�,"Monta Ellis
(DAL)",Add,G,28,9,82,36.9,19,3.6,5.7,0.3,1.7,0.48,0.33,0.79,0.5,3.1,3.2,51.3,88,37.3,1.01
SPR,"Michael Carter-Williams *
(PHI)",Add,G,22,1,70,34.5,16.7,6.2,6.3,0.6,1.8,0.44,0.26,0.7,1.4,4.8,3.5,30.9,93,37.2,1.08
PA�,"Tim Duncan
(SAS)",Add,FC,38,17,74,29.1,15.1,9.8,3,1.9,0.6,0.49,0,0.73,2.1,7.6,2.1,32.7,93,36.8,1.26
SAN,"Josh Smith
(DET)",Add,F,28,10,77,35.5,16.4,6.8,3.3,1.4,1.4,0.46,0.26,0.53,1.3,5.4,2.6,54.3,91,36.6,1.03
CEN,"Dwyane Wade
(MIA)",Add,G,32,11,54,32.9,19,4.5,4.7,0.5,1.5,0.56,0.28,0.73,1.1,3.4,3,36.1,93,36.6,1.11
VAL,"David Lee
(GSW)",Add,F,31,9,69,33.2,18.2,9.3,2.1,0.4,0.7,0.52,0,0.78,2.7,6.7,2.2,35.9,93,36.3,1.1
BH,"Thaddeus Young
(MIN)",Add,F,26,7,79,34.4,17.9,6,2.3,0.5,2.1,0.5,0.31,0.71,2.1,3.9,2.1,56.5,84,36.2,1.05
VI�,"Brook Lopez *
(BKL)",Add,C,26,6,17,31.4,20.7,6,0.9,1.8,0.5,0.57,0,0.82,2.3,3.7,1.6,35.1,93,36,1.15
SIX,"Joakim Noah *
(CHI)",Add,C,29,7,80,35.2,12.6,11.3,5.4,1.5,1.2,0.48,0,0.74,3.5,7.7,2.4,22.4,97,35.9,1.02
MAC,"Mike Conley
(MEM)",Add,G,26,7,73,33.5,17.2,2.9,6,0.2,1.5,0.48,0.36,0.82,0.6,2.4,2.1,58.6,84,35.5,1.06
VAL,"Eric Bledsoe
(PHO)",Add,G,24,4,43,32.9,17.7,4.7,5.5,0.3,1.6,0.52,0.36,0.77,0.6,4.1,3.3,55.8,88,35.5,1.08
PRO,"Chandler Parsons
(DAL)",Add,F,25,3,74,37.6,16.6,5.5,4,0.4,1.2,0.53,0.37,0.74,0.9,4.6,1.9,61.4,91,34.6,0.92
CAM,"Brandon Jennings
(DET)",Add,G,24,5,80,34.1,15.5,3,7.6,0.1,1.3,0.4,0.34,0.75,0.7,2.3,2.7,63.3,84,34.5,1.01
CAM,"Gordon Hayward
(UTA)",Add,GF,24,4,77,36.3,16.2,5.1,5.2,0.5,1.4,0.45,0.3,0.82,0.8,4.3,2.8,50.7,86,34.5,0.95
SAN,"Nikola Pekovic
(MIN)",Add,C,28,4,54,30.8,17.5,8.7,0.9,0.4,0.6,0.54,0,0.75,3.8,4.9,1.6,43.5,93,34,1.1
LAV,"Serge Ibaka
(OKL)",Add,FC,24,5,81,32.9,15.1,8.8,1,2.7,0.5,0.55,0.38,0.78,2.8,6,1.5,26,97,34,1.03
LAV,"Andre Drummond
(DET)",Add,C,21,2,81,32.3,13.5,13.2,0.4,1.6,1.3,0.62,0,0.42,5.4,7.8,1.3,18.5,93,33.8,1.05
BH,"Brandon Knight
(MIL)",Add,G,22,3,73,33,17.7,3.5,4.8,0.2,0.9,0.47,0.33,0.8,0.6,2.9,2.6,70.9,75,33.8,1.03
BEL,"Jamal Crawford
(LAC)",Add,G,34,14,69,30.3,18.6,2.3,3.2,0.2,0.9,0.46,0.36,0.87,0.5,1.8,2,86.8,71,33.6,1.11
NEG,"Bradley Beal
(WAS)",Add,G,21,2,73,34.6,17.1,3.7,3.4,0.2,1,0.43,0.4,0.79,0.7,3,1.8,68.1,86,33.5,0.97
ENG,"Marc Gasol
(MEM)",Add,C,29,6,59,33.5,14.6,7.2,3.7,1.3,1,0.48,0.18,0.77,1.4,5.8,1.9,34.1,97,33.3,0.99
GOO,"Greg Monroe
(DET)",Add,FC,24,4,82,32.8,15.2,9.3,2.1,0.6,1.1,0.5,0,0.66,3.1,6.1,2,37.4,89,33.3,1.01
MAC,"Kevin Martin
(MIN)",Add,G,31,10,68,32,19.1,3,1.8,0.1,1,0.45,0.39,0.89,0.5,2.5,1.6,88.9,67,33.1,1.04
SIX,"Jrue Holiday *
(NOR)",Add,G,24,5,34,33.6,14.3,4.2,7.9,0.4,1.6,0.46,0.39,0.81,0.8,3.4,3.1,59.5,89,33.1,0.98
VIC,"Nikola Vucevic
(ORL)",Add,C,23,3,57,31.8,14.2,11,1.8,0.8,1.1,0.51,0,0.77,3.2,7.7,2,37.3,93,33,1.04
VAL,"Jeff Teague
(ATL)",Add,G,26,5,79,32.2,16.5,2.6,6.7,0.2,1.1,0.47,0.33,0.85,0.4,2.2,2.9,63.3,80,32.9,1.02
PN,"Luol Deng
(MIA)",Add,F,29,10,63,35.1,16,5.7,2.9,0.1,1,0.47,0.3,0.79,1.6,4.2,1.8,67.5,84,32.9,0.94
SIX,"Klay Thompson
(GSW)",Add,G,24,3,81,35.4,18.4,3.1,2.2,0.5,0.9,0.46,0.42,0.79,0.5,2.6,1.7,76.8,78,32.7,0.92
GOO,"Tony Parker
(SAS)",Add,G,32,13,68,29.4,16.7,2.3,5.7,0.1,0.5,0.51,0.37,0.81,0.3,2,2.2,50.4,89,32.2,1.09
FSA,"Arron Afflalo
(DEN)",Add,GF,28,7,73,34.9,18.2,3.6,3.4,0,0.5,0.47,0.43,0.82,0.4,3.2,2,84.9,67,32.1,0.92
ILH,"Nicolas Batum
(POR)",Add,GF,25,6,82,36.1,13,7.5,5.1,0.7,0.9,0.57,0.36,0.8,1.4,6,2.5,48.3,89,32,0.89
BJ,"Rajon Rondo
(BOS)",Add,G,28,8,30,33.3,11.7,5.5,9.8,0.1,1.3,0.44,0.29,0.63,0.7,4.7,3.3,40.2,91,32,0.96
NEG,"Chris Bosh
(MIA)",Add,FC,30,11,79,32,16.2,6.6,1.1,1,1,0.57,0.34,0.82,1.2,5.4,1.6,28.2,88,31.9,1
NY,"Derrick Rose
(CHI)",Add,G,25,6,10,31.1,15.9,3.2,4.3,0.1,0.5,0.36,0.34,0.84,0.9,2.3,3.4,32.4,80,31.4,1.01
FSA,"Jeff Green
(BOS)",Add,F,27,6,82,34.2,16.9,4.6,1.7,0.6,0.7,0.45,0.34,0.79,0.7,4,2,90.7,62,31.1,0.91
PN,"DeAndre Jordan
(LAC)",Add,C,26,6,82,35,10.4,13.6,0.9,2.5,1,0.68,0,0.43,4,9.5,1.5,37.8,89,31,0.89
SPR,"Tyreke Evans *
(NOR)",Add,GF,24,5,72,28.1,14.5,4.7,5,0.3,1.2,0.46,0.22,0.77,1.1,3.7,2.4,64.4,86,30.9,1.1
MAC,"Marcin Gortat
(WAS)",Add,C,30,7,81,32.8,13.2,9.5,1.7,1.5,0.5,0.54,1,0.69,2.5,7,1.6,53.3,86,30.6,0.93
ST.,"David West
(IND)",Add,F,34,11,80,30.9,14,6.8,2.8,0.9,0.8,0.49,0.27,0.79,1.5,5.3,1.7,64.1,88,30.5,0.99
PET,"Trevor Ariza
(HOU)",Add,F,29,10,77,35.4,14.4,6.2,2.5,0.3,1.6,0.51,0.41,0.77,1.3,4.9,1.7,92.9,75,30.5,0.86
IPA,"Wes Matthews
(POR)",Add,GF,27,5,82,33.9,16.4,3.5,2.4,0.2,0.9,0.49,0.39,0.84,0.6,2.9,1.3,100.8,60,30.4,0.9
VI�,"Lance Stephenson
(CHA)",Add,G,24,4,78,35.2,13.8,7.2,4.6,0.1,0.7,0.54,0.35,0.71,1.2,5.9,2.7,57.2,86,30.4,0.86
VIC,"Deron Williams *
(BKL)",Add,G,30,9,64,32.1,14.3,2.6,6.1,0.2,1.5,0.5,0.37,0.8,0.2,2.4,2.2,65.6,76,29.8,0.93
MAC,"Spencer Hawes
(LAC)",Add,C,26,7,80,30.9,13.2,8.2,3,1.2,0.6,0.48,0.42,0.78,1.6,6.6,2.2,83.1,76,29.7,0.96
NY,"Jimmy Butler
(CHI)",Add,GF,25,3,67,38.7,13.1,4.9,2.6,0.5,1.9,0.46,0.28,0.77,1.3,3.6,1.5,100.1,65,29.6,0.77
ST.,"Nick Young
(LAL)",Add,GF,29,7,64,28.4,17.9,2.6,1.5,0.2,0.7,0.47,0.39,0.82,0.5,2.1,1.5,107.5,63,29.6,1.04
BJ,"Joe Johnson
(BKL)",Add,GF,33,13,79,32.6,15.8,3.4,2.7,0.1,0.6,0.49,0.4,0.82,0.6,2.8,1.5,97.2,67,29.5,0.9
MAC,"Kenneth Faried
(DEN)",Add,F,24,3,80,27.2,13.7,8.5,1.2,0.8,0.9,0.55,0,0.65,3,5.6,1.7,43.6,86,29.3,1.07
PRO,"Kawhi Leonard
(SAS)",Add,GF,23,3,66,29.2,12.8,6.2,2,0.7,1.7,0.58,0.38,0.8,1.2,5.1,1.2,46.6,84,29.2,1
IPA,"Derrick Favors
(UTA)",Add,FC,23,4,73,30.2,13.3,8.7,1.2,1.5,1,0.52,0,0.67,2.7,6,1.8,42.9,93,29.1,0.96
ENG,"Carlos Boozer
(LAL)",Add,F,32,12,76,28.2,13.7,8.3,1.6,0.3,0.7,0.46,0,0.77,1.8,6.5,2,81.1,88,29,1.03
IPA,"Tobias Harris
(ORL)",Add,F,22,3,61,30.3,14.6,7,1.3,0.4,0.7,0.51,0.25,0.81,1.4,5.5,1.3,89.3,65,29,0.96
ENG,"Dion Waiters
(CLE)",Add,G,22,2,70,29.6,15.9,2.8,3,0.2,0.9,0.45,0.37,0.69,0.4,2.3,2.2,130.1,62,29,0.98
BEL,"Nene Hilario
(WAS)",Add,FC,32,12,53,29.5,14.2,5.5,2.9,0.9,1.2,0.51,0.2,0.58,1.2,4.3,2.2,69.1,86,28.7,0.97
GOO,"JR Smith
(NYK)",Add,G,29,10,74,32.7,14.5,4,3,0.3,0.9,0.44,0.39,0.65,0.5,3.5,1.5,106.2,58,28.7,0.88
VIC,"Eric Gordon *
(NOR)",Add,G,25,6,64,32.1,15.4,2.6,3.2,0.2,1.2,0.46,0.39,0.78,0.5,2.1,2.1,114.6,54,28.7,0.89
SPR,"Jared Sullinger
(BOS)",Add,FC,22,2,74,27.6,13.3,8.1,1.6,0.7,0.5,0.47,0.27,0.78,3.3,4.9,1.6,61.1,88,28.4,1.03
VIS,"Kobe Bryant *
(LAL)",Add,GF,36,18,6,29.5,13.8,4.3,6.3,0.2,1.2,0.49,0.19,0.86,0.3,4,5.7,36.3,89,28.1,0.95
LAV,"Trey Burke
(UTA)",Add,G,21,1,70,32.3,12.8,3,5.7,0.1,0.6,0.41,0.33,0.9,0.5,2.4,1.9,94.7,63,27.7,0.86
THU,"Reggie Jackson
(OKL)",Add,G,24,3,80,28.5,13.1,3.9,4.1,0.1,1.1,0.48,0.34,0.89,0.5,3.4,2.1,105.2,63,27.7,0.97
MAC,"Jodie Meeks
(DET)",Add,G,27,5,77,33.2,15.7,2.5,1.8,0.1,1.4,0.51,0.4,0.86,0.4,2.1,1.4,125.6,41,27.7,0.83
THU,"Gerald Green
(PHO)",Add,GF,28,7,82,28.4,15.8,3.3,1.5,0.5,0.9,0.49,0.4,0.85,0.6,2.8,1.8,104.5,65,27.7,0.98
PRO,"Victor Oladipo
(ORL)",Add,G,22,1,80,31.1,13.8,4.1,4.1,0.5,1.6,0.45,0.33,0.78,0.5,3.6,3.2,68.1,84,27.6,0.89
CAM,"Terrence Jones
(HOU)",Add,F,22,2,76,27.4,12.1,6.9,1.1,1.3,0.7,0.58,0.3,0.61,2.1,4.8,0.9,86.1,71,27.6,1.01
MAC,"Jameer Nelson
(DAL)",Add,G,32,10,68,32,12.1,3.4,7,0.1,0.8,0.44,0.35,0.86,0.4,3,2.4,133,50,27.5,0.86
ILH,"Evan Turner
(BOS)",Add,GF,25,4,80,30.2,14,5,3.2,0.1,0.8,0.45,0.32,0.81,0.8,4.3,2.4,100.5,62,27.5,0.91
NY,"Gerald Henderson *
(CHA)",Add,GF,26,5,77,31.9,14,4,2.6,0.4,0.6,0.44,0.35,0.76,0.4,3.6,1.5,128.9,49,27.3,0.86
ST.,"Ricky Rubio
(MIN)",Add,G,23,3,82,32.1,9.5,4.2,8.6,0.1,2.3,0.39,0.33,0.8,0.7,3.4,2.7,57.5,93,27.2,0.85
MAC,"Taj Gibson
(CHI)",Add,F,29,5,82,28.7,13,6.8,1.1,1.3,0.5,0.48,0,0.75,2.4,4.4,1.8,106,67,27.2,0.95
GOO,"JJ Hickson *
(DEN)",Add,FC,26,6,69,27,11.8,9.2,1.4,0.7,0.7,0.51,0,0.52,3,6.2,1.8,90.7,84,27.1,1
,"Avery Bradley
(BOS)",Add,G,23,4,60,30.9,14.8,3.8,1.4,0.2,1.1,0.45,0.4,0.8,0.8,3,1.6,146.1,43,27,0.87
,"JJ Redick
(LAC)",Add,G,30,8,35,28.2,15.2,2.1,2.3,0.1,0.8,0.51,0.39,0.92,0.3,1.9,1.2,138.4,50,26.9,0.95
FSA,"Markieff Morris
(PHO)",Add,F,25,3,81,26.6,13.8,6,1.8,0.6,0.8,0.51,0.31,0.79,1.7,4.3,1.8,77.9,71,26.9,1.01
VI�,"Wilson Chandler
(DEN)",Add,F,27,7,62,30.9,13.6,4.7,1.8,0.5,0.7,0.48,0.35,0.72,0.9,3.8,1.3,146.7,52,26.6,0.86
VI�,"Tristan Thompson
(CLE)",Add,F,23,3,82,31.6,11.7,9.2,0.9,0.4,0.5,0.48,0,0.69,3.3,5.9,1.3,110.8,52,26.5,0.84
VAL,"Andrea Bargnani
(NYK)",Add,FC,28,8,42,29.8,13.3,5.3,1.1,1.2,0.3,0.49,0.28,0.82,1.7,3.6,1.4,112.5,54,26.4,0.88
PN,"Robin Lopez
(POR)",Add,C,26,6,82,31.8,11.1,8.5,0.9,1.7,0.3,0.55,0,0.82,4,4.5,1,83.5,75,26.4,0.83
PA�,"Paul Pierce
(WAS)",Add,F,36,16,75,28,13.5,4.6,2.4,0.4,1.1,0.51,0.37,0.83,0.3,4.3,2,104.4,71,25.8,0.92
,"Randy Foye
(DEN)",Add,G,30,8,81,30.7,13.1,2.9,3.6,0.5,0.8,0.46,0.38,0.85,0.4,2.4,1.8,136,39,25.5,0.83
THU,"Manu Ginobili *
(SAS)",Remove,G,37,12,68,22.9,12.3,3,4.3,0.2,1,0.55,0.35,0.85,0.4,2.6,2,93.6,89,25.4,1.11
,"DJ Augustin
(DET)",Add,G,26,6,70,27.6,13.3,1.8,4.5,0,0.7,0.43,0.4,0.89,0.2,1.6,1.8,166,38,25.3,0.92
,"Shawn Marion
(CLE)",Add,F,36,15,76,31.7,10.4,6.5,1.6,0.5,1.2,0.52,0.36,0.78,1.7,4.8,1.3,135.8,50,24.9,0.79
,"Alec Burks
(UTA)",Add,G,23,3,78,28.1,14,3.3,2.7,0.2,0.9,0.48,0.35,0.75,0.8,2.5,1.9,142.4,47,24.9,0.89
SAN,"John Henson
(MIL)",Add,FC,23,2,70,26.5,11.1,7.1,1.6,1.7,0.6,0.54,0,0.51,2.4,4.7,1.6,76.8,73,24.7,0.93
BH,"Enes Kanter
(UTA)",Add,C,22,3,80,26.7,12.3,7.5,0.9,0.5,0.4,0.49,0,0.73,2.8,4.7,1.8,90.7,62,24.4,0.91
SIX,"Jose Calderon
(NYK)",Add,G,32,9,81,30.5,11.4,2.4,4.7,0.1,0.9,0.46,0.45,0.83,0.4,2,1.3,105.6,62,24.4,0.8
ENG,"Tony Wroten
(PHI)",Add,G,21,2,72,24.5,13,3.2,3,0.2,1.1,0.49,0.21,0.64,1,2.2,2.8,138.3,49,24.2,0.99
BJ,"Roy Hibbert
(IND)",Add,C,27,6,81,29.7,10.8,6.6,1.1,2.2,0.4,0.44,0.4,0.77,2.5,4.1,1.8,68.2,78,24.2,0.82
VAL,"Anderson Varejao
(CLE)",Add,C,31,10,65,27.7,8.4,9.7,2.2,0.6,1.1,0.5,0,0.68,2.9,6.8,1.1,88.3,76,24.2,0.87
VIS,"Jeremy Lin
(LAL)",Add,G,26,4,71,28.9,12.5,2.6,4.1,0.4,0.9,0.49,0.36,0.82,0.5,2.2,2.5,117.6,65,24.2,0.84
NEG,"DeMarre Carroll
(ATL)",Add,F,28,5,73,32.1,11.1,5.5,1.8,0.3,1.5,0.55,0.36,0.77,1.5,4.1,1.1,140.3,43,24.2,0.75
NY,"Jonas Valanciunas
(TOR)",Add,C,22,2,81,28.2,11.3,8.8,0.7,0.9,0.3,0.53,0,0.76,2.8,6,1.7,69.7,75,24.1,0.86
PRO,"Kyle Korver
(ATL)",Add,GF,33,11,71,34,12,4,2.9,0.3,1,0.48,0.47,0.93,0.3,3.7,1.4,127.7,60,24.1,0.71
,"Rodney Stuckey
(IND)",Add,G,28,7,73,26.7,13.9,2.3,2.1,0.1,0.7,0.45,0.27,0.84,0.5,1.8,1.7,131.1,47,24.1,0.9
,"Ramon Sessions
(*FA)",Add,G,28,7,81,26.7,12.3,2.4,4,0.1,0.6,0.45,0.28,0.81,0.5,2,1.8,202,41,24,0.9
,"Vince Carter
(MEM)",Add,GF,37,16,81,24.4,11.9,3.5,2.6,0.4,0.8,0.42,0.39,0.82,0.8,2.7,1.3,122.1,65,23.9,0.98
,"Mike Dunleavy
(CHI)",Add,GF,34,13,82,31.5,11.3,4.2,2.3,0.6,0.8,0.47,0.38,0.85,0.6,3.6,1.3,164,47,23.7,0.75
BJ,"Ersan Ilyasova
(MIL)",Add,F,27,6,55,26.9,11.2,6.2,1.3,0.1,0.8,0.45,0.28,0.82,1.9,4.3,1.1,135.5,49,23.7,0.88
LAV,"Andre Iguodala
(GSW)",Add,GF,30,10,63,32.4,9.3,4.6,4.2,0.3,1.5,0.56,0.35,0.65,0.8,3.8,1.6,88.7,71,23.7,0.73
,"Raymond Felton *
(DAL)",Add,G,30,9,65,31.1,9.7,3,5.7,0.4,1.2,0.43,0.32,0.72,0.8,2.2,2,160.7,41,23.5,0.76
CAM,"Andray Blatche
(*FA)",Add,FC,28,9,73,22.2,11.2,5.3,1.5,0.5,1,0.49,0.28,0.74,1.6,3.7,1.5,117.8,67,23.4,1.05
MAC,"Corey Brewer
(MIN)",Add,GF,28,7,81,32.2,12.3,2.6,1.7,0.4,1.9,0.55,0.28,0.72,0.8,1.8,1.3,165.2,43,23.1,0.72
,"Darren Collison
(SAC)",Add,G,27,5,80,25.9,11.4,2.4,3.7,0.2,1.2,0.5,0.38,0.86,0.6,1.8,1.7,115.4,54,22.9,0.89
,"Channing Frye
(ORL)",Add,FC,31,9,82,28.2,11.1,5.1,1.2,0.8,0.7,0.51,0.37,0.82,0.9,4.2,1.1,111.8,52,22.8,0.81
,"George Hill
(IND)",Add,G,28,6,76,32.1,10.3,3.7,3.5,0.3,1,0.5,0.37,0.81,0.7,3,1.2,111.9,52,22.8,0.71
,"Kendall Marshall
(MIL)",Add,G,23,2,54,29,8,2.9,8.8,0.1,0.9,0.41,0.4,0.53,0.3,2.6,2.8,174.8,52,22.8,0.78
NEG,"Tyson Chandler
(DAL)",Add,C,31,13,55,30.3,8.7,9.6,1.1,1.1,0.7,0.6,0,0.63,2.9,6.7,1.3,85.3,73,22.7,0.75
,"PJ Tucker
(PHO)",Add,GF,29,3,81,30.7,9.4,6.5,1.7,0.3,1.4,0.45,0.39,0.78,2,4.5,1.3,146.4,39,22.5,0.73
VAL,"Andrew Bogut
(GSW)",Add,C,29,9,67,26.4,7.3,10,1.7,1.8,0.7,0.63,0,0.34,2.7,7.3,1.4,84.2,80,22.4,0.85
,"Khris Middleton
(MIL)",Add,F,23,2,82,30,12.1,3.8,2.1,0.2,1,0.45,0.41,0.86,0.7,3,1.5,187,43,22.2,0.74
,"Brandon Bass
(BOS)",Add,F,29,9,82,27.6,11.1,5.7,1.1,0.9,0.4,0.49,0.33,0.86,2,3.8,1.2,141.6,49,22.2,0.8
,"Jordan Farmar
(LAC)",Add,G,27,8,41,22.2,10.1,2.5,4.9,0.2,0.9,0.4,0.44,0.75,0.5,2,2.3,158.1,52,22,0.99
,"Patrick Beverley
(HOU)",Add,G,26,2,56,31.2,10.2,3.5,2.7,0.4,1.4,0.47,0.36,0.81,1.3,2.2,1.2,140,49,22,0.7
VAL,"Amir Johnson
(TOR)",Add,FC,27,9,77,28.8,10.4,6.5,1.5,1.1,0.7,0.59,0.3,0.64,2.2,4.3,1.6,105.7,60,21.9,0.76
,"Josh McRoberts *
(MIA)",Add,F,27,7,78,30.3,8.5,4.8,4.3,0.6,0.7,0.52,0.36,0.73,1.1,3.7,1.1,152,49,21.9,0.72
,"Jordan Crawford
(GSW)",Add,G,25,4,81,22.9,11,2.3,3.5,0.1,0.6,0.47,0.32,0.86,0.3,1.9,1.7,177.8,41,21.8,0.95
,"Mario Chalmers
(MIA)",Add,G,28,6,73,29.9,9.8,2.9,4.9,0.2,1.6,0.5,0.39,0.74,0.6,2.4,2.2,142.8,43,21.7,0.73
,"Marco Belinelli
(SAS)",Add,G,28,7,80,25.2,11.4,2.8,2.2,0.1,0.6,0.52,0.43,0.85,0.2,2.6,1.2,159,54,21.7,0.86
,"Caron Butler
(DET)",Add,F,34,12,56,25.3,10.5,4.1,1.5,0.3,0.8,0.4,0.39,0.84,0.4,3.7,1.1,207,34,21.3,0.84
,"Matt Barnes
(LAC)",Add,F,34,11,63,27.6,9.9,4.6,2,0.4,0.9,0.55,0.34,0.73,1,3.7,1.3,203.2,41,21.1,0.77
BH,"Chris Kaman
(POR)",Remove,C,32,11,39,18.9,10.4,5.9,1.5,1,0.3,0.51,0,0.76,1.4,4.5,1.9,144.6,52,21.1,1.12
PRO,"Jordan Hill
(LAL)",Add,FC,27,5,73,20.6,9.5,7.3,0.7,0.9,0.4,0.55,0,0.69,2.7,4.7,1,79.6,71,21.1,1.03
,"Lou Williams
(TOR)",Add,G,27,9,60,24.1,10.4,2.1,3.5,0.1,0.8,0.45,0.34,0.85,0.2,1.9,1.5,192.4,41,21.1,0.87
,"Andrew Bynum
(*FA)",Add,C,26,9,26,19.9,8.7,5.6,1.1,1.1,0.2,0.42,0,0.76,2,3.5,1.3,203.2,39,20.7,1.04
BEL,"Amare Stoudemire
(NYK)",Add,FC,31,12,65,22.6,11.9,4.9,0.5,0.6,0.4,0.56,0,0.74,1.7,3.2,1.4,122.9,63,20.7,0.92
,"Jarrett Jack
(BKL)",Add,G,30,9,80,28.2,9.5,2.8,4.1,0.3,0.7,0.43,0.34,0.84,0.3,2.5,1.7,164.8,43,20.7,0.74
BJ,"OJ Mayo
(MIL)",Add,G,26,6,52,25.9,11.7,2.4,2.2,0.2,0.5,0.43,0.37,0.86,0.5,1.9,1.8,152.3,49,20.7,0.8
SIX,"Miles Plumlee
(PHO)",Add,FC,26,2,80,24.5,8.1,7.8,0.5,1.1,0.6,0.52,0,0.56,2.5,5.4,1.4,112.2,65,20.4,0.83
,"Terrence Ross
(TOR)",Add,GF,23,2,81,26.6,10.9,3.1,1,0.3,0.8,0.46,0.39,0.84,0.5,2.6,1.1,149.1,52,20.4,0.76
PN,"Danny Green
(SAS)",Add,GF,27,5,68,24.3,9.1,3.4,1.5,0.9,1,0.46,0.42,0.79,0.4,3,1.1,139.8,58,20.3,0.84
CEN,"Harrison Barnes
(GSW)",Add,F,22,2,78,28.3,9.5,4,1.5,0.3,0.8,0.42,0.35,0.72,0.8,3.1,1.1,163.4,54,20.1,0.71
,"Jason Smith
(NYK)",Add,FC,28,6,31,26.6,9.7,5.8,0.9,0.9,0.4,0.46,0,0.78,1.6,4.2,0.9,167.3,38,20.1,0.75
,"Kirk Hinrich
(CHI)",Add,G,33,11,73,29,9.1,2.6,3.9,0.4,1.1,0.42,0.35,0.76,0.4,2.2,1.6,219.4,38,20.1,0.69
,"Glen Davis
(LAC)",Add,FC,28,7,68,24.5,9.4,5.2,1.1,0.4,0.9,0.46,0.36,0.69,1.6,3.6,1.1,154.6,39,20,0.82
,"Wesley Johnson
(LAL)",Add,GF,27,4,79,28.4,9.1,4.4,1.6,1,1.1,0.47,0.37,0.79,0.9,3.5,1.1,198,39,20,0.71
,"Patty Mills *
(SAS)",Add,G,26,5,81,18.8,10.2,2.1,1.8,0.1,0.8,0.5,0.42,0.89,0.4,1.7,0.8,153.3,54,20,1.06
SIX,"Boris Diaw
(SAS)",Add,FC,32,11,79,25,9.1,4.1,2.8,0.4,0.6,0.55,0.4,0.74,0.9,3.2,1.5,126.3,63,20,0.8
,"Marvin Williams
(CHA)",Add,F,28,9,66,25.3,9.1,5.1,1.2,0.5,0.8,0.5,0.36,0.78,1.2,3.8,0.8,188.8,38,19.9,0.78
,"Mo Williams
(MIN)",Add,G,31,11,74,24.8,9.7,2.1,4.3,0.1,0.7,0.44,0.37,0.88,0.6,1.5,2,193.8,38,19.9,0.8
ST.,"Timofey Mozgov
(DEN)",Add,C,28,4,82,21.6,9.4,6.4,0.8,1.2,0.3,0.54,0.17,0.75,2.1,4.4,1.5,114.8,62,19.7,0.91
,"Greivis Vasquez
(TOR)",Add,G,27,4,79,22.5,9.6,2.2,4.1,0.1,0.4,0.46,0.38,0.88,0.3,1.9,1.6,139.6,49,19.7,0.88
SAN,"Larry Sanders *
(MIL)",Add,C,25,4,23,25.5,7.7,7.2,0.8,1.7,0.8,0.47,0,0.47,2.6,4.6,1.1,99.8,62,19.5,0.77
,"Aaron Brooks
(CHI)",Add,G,29,6,67,23,9.6,2.1,3.5,0.2,0.8,0.41,0.39,0.87,0.6,1.4,1.7,183.4,39,19.5,0.85
,"Marcus Morris
(PHO)",Add,F,25,3,82,22,9.7,3.9,1.1,0.2,0.9,0.48,0.38,0.76,1,2.9,1.2,180.5,41,19.4,0.88
,"Marcus Thornton
(BOS)",Add,G,27,5,70,24.3,9.8,2.8,1.1,0.2,0.8,0.45,0.34,0.8,0.8,2,0.9,242.8,38,19.4,0.8
,"Patrick Patterson
(TOR)",Add,F,25,4,65,23.6,8.5,5.3,1.2,0.6,0.8,0.5,0.36,0.7,1.8,3.5,1,185.6,47,19.4,0.82
,"Nate Robinson *
(DEN)",Add,G,30,9,44,20,10.4,1.8,2.5,0.1,0.8,0.46,0.38,0.84,0.5,1.4,1.3,204.7,47,19.3,0.96
ILH,"Tiago Splitter
(SAS)",Add,FC,29,4,59,21.6,8.2,6.2,1.5,0.5,0.5,0.53,0,0.7,2.1,4.1,1.3,100.1,75,19.3,0.89
PET,"Tony Allen
(MEM)",Add,G,32,10,55,23.2,9,3.8,1.7,0.3,1.6,0.53,0.23,0.63,1.4,2.3,1.6,187,43,19.1,0.82
,"Kris Humphries
(WAS)",Add,FC,29,10,68,20.3,8.5,6,1,0.9,0.5,0.5,0,0.81,1.9,4.1,0.9,134.8,58,19.1,0.94
,"Steve Blake
(POR)",Add,G,34,11,55,27.2,6.9,2.9,5.6,0.1,1,0.38,0.38,0.77,0.2,2.7,1.9,243.8,34,19,0.7
,"Zaza Pachulia
(MIL)",Add,C,30,11,53,24.9,7.7,6.3,2.6,0.3,0.8,0.43,0,0.85,2.7,3.6,1.7,170.1,41,18.6,0.75
,"Courtney Lee
(MEM)",Add,G,28,6,79,25,9.6,2.4,1.5,0.4,0.8,0.53,0.37,0.88,0.4,2,0.9,217.8,38,18.4,0.74
SPR,"Al-Farouq Aminu
(DAL)",Add,F,23,4,80,25.6,7.2,6.2,1.4,0.5,1,0.5,0.27,0.66,1.6,4.6,1.1,195,38,18.4,0.72
,"Xavier Henry *
(LAL)",Add,G,23,4,43,21.1,10,2.7,1.2,0.2,1,0.44,0.35,0.66,0.6,2.1,1.3,252,34,18.4,0.87
,"Shaun Livingston *
(GSW)",Add,G,29,9,76,26,8.3,3.2,3.2,0.4,1.2,0.49,0.17,0.83,0.9,2.4,1.4,199.4,39,18.4,0.71
,"Martell Webster *
(WAS)",Add,GF,27,9,78,27.7,9.7,2.9,1.2,0.2,0.5,0.5,0.39,0.84,0.5,2.4,0.7,246,34,18.3,0.66
,"Brian Roberts
(CHA)",Add,G,28,2,72,23.2,9.4,1.9,3.3,0.1,0.6,0.45,0.36,0.94,0.2,1.7,1.3,246.8,38,18.2,0.78
,"Brandan Wright
(DAL)",Add,FC,26,6,58,18.7,9.1,4.2,0.5,0.9,0.6,0.68,0,0.73,1.8,2.4,0.6,131,65,18.1,0.97
,"Mike Scott
(ATL)",Add,F,26,2,80,18.6,9.6,3.5,0.9,0.1,0.4,0.56,0.31,0.78,0.8,2.8,1,209.3,39,17.9,0.97
,"Kyle Singler
(DET)",Add,GF,26,2,82,28.5,9.6,3.7,0.9,0.5,0.7,0.49,0.38,0.83,1.4,2.3,1,210.8,38,17.9,0.63
,"Devin Harris
(DAL)",Add,G,31,10,40,20.4,7.9,2.1,4.5,0,0.7,0.42,0.31,0.8,0.2,1.9,1.5,194.2,38,17.8,0.87
,"Kevin Garnett
(BKL)",Add,FC,38,19,54,20.6,6.5,6.6,1.5,0.7,0.8,0.44,0,0.81,1.1,5.5,1.3,134.6,65,17.8,0.86
,"JJ Barea
(MIN)",Add,G,30,8,79,18.6,8.4,1.9,3.8,0,0.3,0.43,0.32,0.79,0.2,1.7,1.6,203.8,47,17.7,0.95
,"CJ Miles
(IND)",Add,G,27,9,51,19.4,9.9,2,1,0.3,0.9,0.48,0.39,0.85,0.4,1.7,0.9,223.6,41,17.7,0.91
,"Jeremy Lamb
(OKL)",Add,G,22,2,78,19.8,8.5,2.4,1.5,0.3,0.7,0.48,0.36,0.8,0.3,2.1,0.8,187.5,43,17.5,0.88
,"Tim Hardaway-Jr
(NYK)",Add,G,22,1,81,23.2,10.2,1.5,0.8,0.1,0.5,0.5,0.36,0.83,0.2,1.3,0.6,155.8,49,17.3,0.75
,"Mirza Teletovic
(BKL)",Add,F,29,2,72,19.4,8.6,3.7,0.8,0.3,0.4,0.47,0.39,0.71,0.8,2.9,0.8,142.4,43,17.3,0.89
,"James Johnson
(TOR)",Add,F,27,5,52,18.4,7.4,3.2,2.1,1.1,0.8,0.55,0.25,0.84,1.2,2,1.3,232.6,41,17.1,0.93
,"Danny Granger
(MIA)",Add,F,31,9,41,20.7,8.2,3.2,1,0.4,0.3,0.41,0.34,0.94,0.8,2.5,1.1,162.6,43,17.1,0.82
,"Kelly Olynyk
(BOS)",Add,FC,23,1,70,19.9,8.7,5.2,1.6,0.4,0.5,0.5,0.35,0.81,2,3.2,1.5,102.1,58,17,0.85
,"Jermaine ONeal
(*FA)",Add,C,35,18,44,20,7.9,5.5,0.6,0.9,0.3,0.5,0,0.75,1.9,3.6,1.2,177,30,16.9,0.84
,"Manny Harris
(*FA)",Add,G,24,4,9,19.9,8.1,3.8,1.2,0.1,0.4,0.42,0.35,0.83,0.8,3,1,161.7,4,16.9,0.85
,"Drew Gooden
(WAS)",Add,FC,32,12,22,17.9,8.3,5.1,0.7,0.3,0.5,0.55,0.39,0.89,1.7,3.5,0.8,152.7,39,16.8,0.94
,"Draymond Green
(GSW)",Add,F,24,2,82,21.9,6.2,5,1.9,0.9,1.2,0.45,0.33,0.67,1,3.9,1.1,168.9,47,16.7,0.76
,"Henry Sims
(PHI)",Add,C,24,2,45,19.5,7.8,5.3,1.2,0.4,0.6,0.48,0,0.74,2.3,3,0.9,138.9,47,16.5,0.85
,"Derrick Williams
(SAC)",Add,F,23,3,76,23.6,8.1,4.2,0.7,0.3,0.6,0.47,0.27,0.72,0.9,3.3,1,191.2,38,16.5,0.7
,"Michael Kidd-Gilchrist
(CHA)",Add,F,20,2,62,24.2,7.2,5.2,0.8,0.6,0.7,0.48,0.11,0.61,1.8,3.5,1,174.7,43,16.4,0.68
,"Ryan Kelly
(LAL)",Add,F,23,1,59,22.3,8,3.7,1.6,0.8,0.5,0.48,0.34,0.81,0.7,3,0.8,193,41,16.4,0.74
,"Samuel Dalembert
(NYK)",Add,C,33,12,80,20.2,6.6,6.8,0.5,1.2,0.5,0.57,0,0.74,2.5,4.3,1.1,145.6,50,16.4,0.81
ILH,"Omer Asik
(NOR)",Add,C,28,4,48,20.1,5.8,7.9,0.6,0.8,0.3,0.53,0,0.62,2.1,5.8,1.2,94.3,67,16.3,0.81
,"Jeff Adrien
(HOU)",Add,F,28,4,51,18.7,7.1,5.9,0.7,0.7,0.5,0.52,0,0.64,2,3.9,0.7,187.3,38,16.2,0.87
,"Trevor Booker
(UTA)",Add,F,26,4,72,21.6,6.8,5.3,0.9,0.6,0.6,0.55,0,0.62,2.1,3.2,0.8,247.5,39,16.1,0.75
,"Thabo Sefolosha
(ATL)",Add,GF,30,8,61,26,6.3,3.6,1.6,0.3,1.3,0.49,0.32,0.77,0.8,2.8,0.9,192.4,39,16.1,0.62
,"Ben McLemore
(SAC)",Add,G,21,1,82,26.6,8.8,2.9,1,0.2,0.5,0.42,0.32,0.8,0.6,2.2,1.2,149.5,49,16.1,0.6
CAM,"Luis Scola
(IND)",Add,FC,34,7,82,17,7.6,4.8,1,0.2,0.3,0.47,0.14,0.73,1,3.7,1.3,143,50,15.9,0.93
,"Iman Shumpert
(NYK)",Add,GF,24,3,74,26.5,6.7,4.2,1.7,0.2,1.2,0.42,0.33,0.75,1.1,3.1,1.1,169.3,50,15.8,0.6
,"Moe Harkless
(ORL)",Add,F,21,2,80,24.4,7.4,3.3,1,0.6,1.2,0.5,0.38,0.59,0.9,2.4,1.1,248.7,36,15.6,0.64
,"Jason Thompson
(SAC)",Add,FC,28,6,82,24.5,7.1,6.4,0.6,0.7,0.4,0.51,0,0.58,1.9,4.6,1.2,147.1,47,15.6,0.64
,"Steve Nash
(LAL)",Add,G,40,18,16,19.7,6.4,1.8,5.4,0.1,0.4,0.4,0.33,0.92,0.3,1.6,1.9,186.9,43,15.5,0.79
VAL,"Giannis Antetokounmpo
(MIL)",Add,GF,19,1,77,24.7,6.8,4.4,1.9,0.8,0.8,0.44,0.35,0.68,1,3.4,1.6,88.9,71,15.4,0.62
,"Chris Andersen
(MIA)",Add,C,36,12,72,19.4,6.6,5.3,0.3,1.3,0.4,0.66,0.25,0.71,1.8,3.5,0.7,212,49,15.2,0.78
CEN,"Mason Plumlee
(BKL)",Add,FC,24,1,68,18.7,7.6,4.5,0.9,0.8,0.7,0.67,0,0.63,1.5,3.1,1.1,108.9,62,15.2,0.81
,"Kosta Koufos
(MEM)",Add,C,25,6,80,16.9,6.4,5.2,0.5,0.9,0.4,0.49,0,0.65,2,3.2,0.9,203.8,43,15.1,0.9
,"Kyle OQuinn
(ORL)",Add,FC,24,2,69,17.2,6.2,5.3,1.1,1.3,0.6,0.51,0,0.69,1.4,3.8,1.1,154.4,54,15.1,0.88
,"Evan Fournier
(ORL)",Add,G,21,2,76,19.7,8.4,2.7,1.5,0.1,0.4,0.45,0.38,0.76,0.4,2.2,1.3,194.5,41,15,0.76
,"Tayshaun Prince
(MEM)",Add,F,34,12,76,25.6,6,3.1,1.6,0.2,0.5,0.43,0.29,0.57,0.4,2.7,0.5,161.3,17,15,0.58
,"Ray McCallum
(SAC)",Add,G,23,1,42,21.2,6.7,1.9,2.9,0.2,0.5,0.38,0.37,0.74,0.4,1.5,0.9,159.7,38,14.8,0.7
,"Pero Antic
(ATL)",Add,FC,32,1,49,18.9,7.2,4.3,1.2,0.2,0.4,0.54,0.33,0.76,1.2,3.1,1.1,165.1,41,14.7,0.78
,"CJ Watson
(IND)",Add,G,30,7,63,18.9,6.6,1.6,1.7,0.1,1,0.49,0.37,0.78,0.3,1.3,0.9,263,17,14.1,0.74
,"Elton Brand
(*FA)",Add,FC,35,15,73,19.4,5.7,4.9,1,1.2,0.5,0.54,0,0.65,1.3,3.6,0.8,247,38,14,0.72
,"DeJuan Blair
(WAS)",Add,FC,25,5,78,15.6,6.4,4.7,0.9,0.3,0.8,0.54,0,0.64,1.8,2.9,1,178.6,47,14,0.9
,"Jeremy Evans
(UTA)",Add,F,26,4,66,18.3,6.1,4.7,0.7,0.7,0.6,0.53,0,0.68,1.8,2.9,0.6,215.6,36,14,0.76
,"Cody Zeller
(CHA)",Add,FC,21,1,82,17.2,6,4.3,1.1,0.5,0.5,0.43,0,0.73,1.4,2.9,1.1,159.3,47,13.5,0.79
,"Chase Budinger
(MIN)",Add,GF,26,5,41,18.4,6.7,2.5,0.8,0,0.5,0.43,0.35,0.82,0.5,2,0.6,222.3,34,13.4,0.73
,"Marreese Speights
(GSW)",Remove,FC,27,6,78,12.6,6.5,3.7,0.4,0.4,0.1,0.46,0.26,0.82,1.3,2.4,0.8,167.3,49,13,1.03
,"Gorgui Dieng
(MIN)",Add,C,24,1,59,13.9,4.8,5.1,0.7,0.8,0.5,0.5,1,0.63,1.7,3.3,0.9,112.5,63,12.9,0.93
IP�,"JaVale McGee
(DEN)",Add,C,26,6,5,16,7,3.4,0.4,1.4,0.2,0.44,0,1,2,1.4,1.6,126.9,62,12.8,0.8
,"Ed Davis
(LAL)",Add,FC,25,4,63,15.2,5.7,4.1,0.4,0.7,0.3,0.53,0,0.53,1.5,2.7,0.6,189.7,41,12.7,0.84
,"Anthony Tolliver
(PHO)",Add,F,29,6,64,20.3,6.1,2.6,0.7,0.2,0.3,0.45,0.41,0.8,0.5,2.1,0.3,255.6,23,12.5,0.62
,"ETwaun Moore
(*FA)",Add,G,25,3,79,19.1,6.3,1.7,1.4,0.2,0.8,0.47,0.36,0.76,0.4,1.4,0.7,244.1,23,12.5,0.65
,"Andrei Kirilenko
(BKL)",Add,F,33,12,45,19,5,3.2,1.6,0.4,0.9,0.52,0.2,0.51,1.2,2,1.2,147.8,34,12.4,0.65
,"Darrell Arthur
(DEN)",Add,F,26,5,68,17.1,5.9,3.1,0.9,0.7,0.6,0.4,0.38,0.85,0.8,2.3,0.9,272.9,21,12.3,0.72
,"Christapher Johnson
(BOS)",Add,F,24,2,40,19.8,6.2,2.4,0.8,0.1,0.7,0.48,0.34,0.86,0.8,1.7,0.6,158.3,12,12.3,0.62
,"John Salmons
(NOR)",Add,GF,34,12,78,22.1,5.2,2.1,1.9,0.2,0.6,0.35,0.39,0.77,0.3,1.8,0.7,217.5,17,12.2,0.55
,"Kent Bazemore *
(*FA)",Add,G,25,2,64,14.2,6.3,1.8,1.4,0.2,0.7,0.48,0.34,0.61,0.2,1.7,1.2,265.9,30,12.2,0.86
,"Dorell Wright
(POR)",Add,F,28,10,68,14.4,5,2.8,0.9,0.2,0.3,0.45,0.34,0.75,0.4,2.4,0.6,195.8,25,12.1,0.84
,"Gustavo Ayon
(ATL)",Add,FC,29,3,26,16.5,4.3,4.8,1.1,0.4,1,0.51,0,0.4,1.6,3.2,1.1,208.7,26,12,0.73
PA�,"Donatas Motiejunas
(HOU)",Add,FC,23,2,61,15.6,5.6,3.7,0.6,0.3,0.3,0.52,0.25,0.6,1,2.7,0.8,172,43,11.9,0.76
,"Hollis Thompson
(PHI)",Add,F,23,2,77,22.8,6,3.2,0.9,0.2,0.7,0.51,0.4,0.71,0.9,2.3,0.8,156.8,28,11.9,0.52
,"Alexis Ajinca
(NOR)",Add,C,26,5,56,17,5.9,4.9,0.7,0.8,0.4,0.55,0,0.84,1.7,3.3,1.1,200.5,36,11.9,0.7
PA�,"Kentavious Caldwell-Pope
(DET)",Add,G,21,1,80,19.8,5.9,2,0.7,0.2,0.9,0.45,0.32,0.77,0.5,1.5,0.4,122.3,41,11.8,0.6
,"Tyler Zeller
(BOS)",Add,C,24,2,69,15.2,5.8,4.1,0.5,0.6,0.3,0.54,0,0.72,1.5,2.6,0.9,237.5,39,11.7,0.77
,"Cory Joseph
(SAS)",Add,G,23,3,64,14.6,5.4,1.7,1.8,0.2,0.5,0.5,0.32,0.82,0.5,1.2,0.7,201.5,30,11.6,0.79
,"Kenyon Martin
(*FA)",Add,F,36,14,32,19.8,4.3,4.2,1.6,0.8,0.8,0.52,0,0.58,1.1,3.1,0.8,227.7,12,11.4,0.58
,"Thomas Robinson
(POR)",Add,F,23,2,70,12.5,4.8,4.4,0.5,0.3,0.3,0.48,0,0.56,1.5,2.9,0.8,210.5,41,11.4,0.91
,"Travis Outlaw
(NYK)",Add,F,29,11,63,17,5.4,2.7,0.8,0.3,0.3,0.43,0.35,0.81,0.6,2.1,0.4,249.7,15,11.4,0.67
,"Cartier Martin
(DET)",Add,GF,29,6,56,15.5,5.9,1.9,0.6,0.1,0.5,0.46,0.39,0.74,0.2,1.7,0.6,194.6,12,11,0.71
,"Tyler Hansbrough
(TOR)",Add,FC,28,5,64,15.3,4.9,4.5,0.3,0.3,0.4,0.48,0,0.68,1.9,2.6,0.7,263,36,10.9,0.71
,"Jae Crowder
(DAL)",Add,F,24,2,77,16.3,4.6,2.5,0.8,0.3,0.8,0.55,0.33,0.75,0.6,1.9,0.5,240.7,23,10.8,0.66
,"Chris Wright
(MIL)",Add,F,25,3,7,15.7,6.3,2.3,0.7,0.7,0.6,0.59,0,0.55,1.1,1.1,0.7,115,8,10.7,0.68
,"Reggie Evans
(SAC)",Add,F,34,12,54,16.6,4,6.2,0.4,0.1,0.7,0.47,0,0.55,2.1,4.1,1.1,179.2,26,10.6,0.64
,"Earl Clark
(*FA)",Add,F,26,5,53,14.4,4.8,2.6,0.3,0.5,0.3,0.4,0.34,0.65,0.4,2.2,0.6,199.6,15,10.6,0.73
,"Ish Smith
(HOU)",Add,G,26,4,70,14.4,3.7,1.8,2.6,0.2,0.7,0.46,0.04,0.56,0.4,1.4,0.9,150.5,13,10.5,0.73
,"Anthony Randolph
(*FA)",Add,F,25,6,43,12.3,4.8,2.8,0.7,0.4,0.6,0.44,0.3,0.75,0.4,2.4,0.9,220.6,21,10.3,0.84
,"Jimmer Fredette
(NOR)",Add,G,25,3,47,11,5.8,1.1,1.4,0.1,0.3,0.46,0.48,0.9,0.2,0.9,1,230.3,21,10.3,0.94
,"Shane Battier
(*FA)",Add,F,36,13,72,20.4,4.1,1.9,0.9,0.5,0.7,0.49,0.35,0.65,0.5,1.4,0.3,190.6,10,10.1,0.5
,"Tony Snell
(CHI)",Add,F,22,1,75,16.4,4.6,1.7,0.9,0.2,0.4,0.46,0.32,0.76,0.3,1.4,0.6,178.3,30,9.9,0.6
,"Willie Green
(ORL)",Add,G,33,11,55,15.8,5,1.4,0.9,0.2,0.4,0.41,0.34,0.82,0.2,1.2,0.6,239.8,4,9.8,0.62
,"Nando De-Colo
(*FA)",Add,G,27,2,43,11.5,4.1,1.7,1.5,0.1,0.5,0.46,0.34,0.89,0.3,1.3,0.8,226.7,10,9.6,0.84
,"Jan Vesely
(*FA)",Add,F,24,3,53,14.6,3.7,3.6,0.4,0.7,1,0.51,0,0.34,1.5,2.1,0.7,249.3,13,9.4,0.64
,"Joel Freeland
(POR)",Add,F,27,2,52,13.9,3.3,4,0.7,0.4,0.2,0.48,0,0.69,1.7,2.3,0.6,242.3,21,9.2,0.66
,"Marshon Brooks
(*FA)",Add,G,25,3,33,9.6,4.8,1.6,0.7,0.2,0.4,0.44,0.52,0.73,0.3,1.3,0.7,209.6,10,9.2,0.95
,"CJ McCollum
(POR)",Add,G,22,1,38,12.6,5.3,1.3,0.7,0.1,0.4,0.45,0.38,0.68,0.2,1.1,0.9,164.8,36,9.2,0.73
,"Toney Douglas
(MIA)",Add,G,28,5,48,13.9,4.2,1.8,1.4,0.1,0.4,0.48,0.3,0.74,0.4,1.4,0.7,263.4,12,9.1,0.66
,"Charlie Villanueva
(DET)",Add,F,30,9,20,8.9,4.6,1.7,0.3,0.2,0.2,0.58,0.25,0.57,0.3,1.4,0.4,226.8,8,9.1,1.02
,"Bismack Biyombo
(CHA)",Add,FC,22,3,77,13.9,2.9,4.8,0.1,1.1,0.1,0.61,0,0.52,1.4,3.4,0.5,153.3,43,9,0.65
,"Antawn Jamison
(*FA)",Add,F,38,16,21,11.5,3.6,2.4,0.3,0.1,0.4,0.36,0.2,0.72,0.4,2,0.3,214,4,9,0.78
,"Jason Terry
(SAC)",Add,G,37,15,35,16.3,4.5,1.1,1.6,0,0.4,0.33,0.38,0.67,0.1,0.9,0.8,213.4,4,9,0.55
,"Will Barton
(POR)",Add,G,23,2,41,9.5,4,1.8,0.8,0.2,0.2,0.44,0.3,0.81,0.4,1.4,0.4,226.5,21,9,0.95
,"Hilton Armstrong
(*FA)",Add,FC,29,7,10,8.9,2.5,4.4,0.5,0.3,0.4,0.47,0,0.5,1.8,2.6,0.6,144.7,4,8.9,1
,"Alexey Shved
(PHI)",Add,G,25,2,63,10.6,4,1.3,1.1,0.3,0.4,0.34,0.29,0.76,0.3,1,0.8,150.3,26,8.9,0.84
,"Alonzo Gee
(HOU)",Add,F,27,5,63,16.2,4.1,2.3,0.7,0.2,0.6,0.44,0.32,0.7,0.5,1.8,0.7,193.1,10,8.9,0.55
,"Anthony Bennett
(MIN)",Add,F,21,1,51,13,4.3,3,0.3,0.2,0.4,0.39,0.25,0.64,1,2.1,0.9,102.9,63,8.8,0.68
PET,"Steven Adams
(OKL)",Add,C,21,1,81,14.8,3.3,4.1,0.5,0.7,0.5,0.5,0,0.58,1.8,2.3,0.9,159.7,47,8.8,0.59
,"Phil Pressey
(BOS)",Add,G,23,1,75,15.1,2.8,1.4,3.2,0.1,0.9,0.34,0.26,0.64,0.3,1.1,1.2,232.4,21,8.8,0.58
,"Darius Morris
(POR)",Add,G,23,3,24,12.6,4.4,1,1.8,0,0.5,0.47,0.33,0.67,0.3,0.8,1.1,308.5,2,8.6,0.68
,"Ekpe Udoh
(*FA)",Add,F,27,4,42,19.1,3.4,3.5,0.7,1,0.4,0.4,0,0.64,1.5,2.1,0.9,260.1,23,8.4,0.44
,"Hedo Turkoglu
(*FA)",Add,GF,35,14,38,10.4,3,2.3,0.9,0.3,0.5,0.34,0.44,0.5,0.3,2.1,0.4,196.8,10,8.2,0.79
,"Jarvis Varnado
(PHI)",Add,F,26,2,24,14.3,4.1,2.6,0.5,1.2,0.4,0.6,0,0.52,0.8,1.8,0.4,117.4,4,8.2,0.57
,"Matt Bonner
(SAS)",Add,F,34,10,59,11.8,3.3,2.2,0.5,0.2,0.3,0.47,0.43,0.75,0.3,1.9,0.3,187.3,2,8.1,0.69
,"Perry Jones
(OKL)",Add,F,22,2,61,12.6,3.5,1.9,0.4,0.3,0.2,0.51,0.36,0.67,0.5,1.4,0.3,236.3,17,7.9,0.63
,"Jeff Ayres
(SAS)",Add,F,27,4,73,13,3.3,3.5,0.8,0.3,0.2,0.58,0,0.69,1.2,2.3,0.9,251.7,15,7.9,0.61
,"Byron Mullens
(*FA)",Add,FC,25,5,45,9.2,4.2,2,0.3,0.2,0.3,0.53,0.37,0.5,0.5,1.5,0.6,138.2,15,7.9,0.85
,"Dennis Schroeder
(ATL)",Add,G,21,1,48,13.3,3.8,1.2,1.9,0,0.4,0.42,0.24,0.67,0.1,1.1,1.3,128,28,7.9,0.59
,"Greg Stiemsma
(*FA)",Add,C,28,3,55,18.3,2.9,4.1,0.7,1,0.6,0.58,0,0.59,1.3,2.8,0.8,219.5,21,7.7,0.42
,"Diante Garrett
(*FA)",Add,G,25,2,70,14.7,3.4,1.4,1.6,0.1,0.6,0.38,0.37,0.83,0.2,1.2,1,65,2,7.6,0.52
,"Jeremy Tyler
(SAC)",Add,FC,23,3,38,10.4,3.8,2.9,0.2,0.5,0.2,0.52,0,0.54,1,1.9,0.7,174,21,7.6,0.73
,"Archie Goodwin
(PHO)",Add,G,20,1,52,10.2,3.7,1.7,0.4,0.2,0.4,0.54,0.14,0.67,0.5,1.2,0.8,202,23,7.6,0.74
,"Carl Landry *
(SAC)",Add,F,30,7,18,12.9,4.2,3.2,0.3,0.1,0.2,0.52,0,0.82,0.8,2.3,0.5,244,36,7.5,0.58
,"John Lucas
(CLE)",Add,G,31,2,42,14,3.8,0.9,1,0,0.3,0.35,0.3,0.63,0.3,0.6,0.5,244.1,2,7.5,0.54
,"Aron Baynes
(SAS)",Add,C,27,2,51,9.6,3.2,2.8,0.7,0.1,0,0.44,0,0.9,1.1,1.7,0.7,231.5,13,7.5,0.78
,"Quincy Acy
(NYK)",Add,F,23,2,61,13.9,2.8,3.5,0.5,0.4,0.4,0.49,0.27,0.66,1.2,2.4,0.5,168.4,25,7,0.5
,"Steve Novak
(UTA)",Add,F,31,8,48,11.2,3.7,1.2,0.3,0.1,0.2,0.33,0.43,1,0.2,1,0.1,240.8,4,7,0.62
,"Dwight Buycks
(*FA)",Add,G,25,2,14,10.5,3.1,1.6,0.7,0,0.6,0.32,0.29,0.89,0.3,1.4,0.7,168.3,2,7,0.67
PET,"Chuck Hayes
(TOR)",Add,F,31,9,60,12.6,2.2,3.5,0.6,0.2,0.6,0.43,0,0.8,1.2,2.4,0.6,271.2,10,7,0.56
,"Jason Maxiell
(*FA)",Add,F,31,9,34,14.3,3.2,2.5,0.3,0.6,0.2,0.45,0,0.48,0.8,1.7,0.4,242.7,12,7,0.49
,"Josh Harrellson
(*FA)",Add,FC,25,3,31,10.1,3,2.5,0.5,0.5,0.2,0.51,0.4,0.71,1,1.5,0.3,238.7,13,7,0.69
,"Chris Singleton
(*FA)",Add,F,24,3,23,10.7,3.2,2.4,0.3,0.1,0.4,0.37,0.37,0.72,0.8,1.6,0.7,244.5,12,6.9,0.65
,"Daniel Orton
(*FA)",Add,C,24,3,21,12,3.1,2.9,0.7,0.8,0.3,0.45,0,0.77,0.8,2.1,0.9,220.6,4,6.9,0.58
,"Greg Smith
(DAL)",Add,C,23,3,10,9.9,3.8,2.7,0,0.2,0.1,0.64,0,0.4,1.1,1.6,0.5,213.2,21,6.9,0.7
,"Eric Maynor
(*FA)",Add,G,27,5,31,10.5,2.6,1.3,1.7,0.1,0.3,0.31,0.32,0.55,0.3,1,0.9,292.5,4,6.8,0.65
,"Wayne Ellington
(SAC)",Add,G,26,5,42,9.4,3.5,1,0.5,0,0.4,0.45,0.42,0.91,0.2,0.8,0.3,275.1,4,6.7,0.71
,"Shane Larkin
(NYK)",Add,G,21,1,46,10.7,2.9,0.9,1.5,0,0.6,0.4,0.32,0.64,0.2,0.7,0.8,233,21,6.6,0.62
,"Reggie Bullock
(LAC)",Add,G,23,1,41,9.6,2.8,1.3,0.3,0,0.2,0.44,0.3,0.78,0.3,1,0.3,204.9,12,6.5,0.67
,"John Jenkins
(ATL)",Add,G,23,2,13,12.1,3.1,1.7,0.8,0.1,0.1,0.5,0.22,1,0.2,1.5,0.8,230,12,6.5,0.54
,"Rudy Gobert
(UTA)",Add,C,22,1,44,9.9,2.4,3.5,0.2,0.9,0.2,0.49,0,0.49,1.2,2.4,0.7,175,34,6.5,0.65
,"Landry Fields
(TOR)",Add,F,26,4,28,11.4,2.4,2.1,0.7,0.1,0.4,0.44,0,0.64,0.5,1.6,0.4,216.8,17,6.3,0.55
,"Roger Mason-Jr
(*FA)",Add,G,34,9,25,10.4,3,0.9,0.8,0,0.2,0.42,0.36,1,0,0.8,0.3,218.5,2,6.2,0.59
,"Donald Sloan
(IND)",Add,G,26,3,48,8.2,2.3,0.9,1,0,0.2,0.45,0.24,0.6,0.1,0.8,0.5,162.4,4,5.9,0.72
,"Greg Oden
(*FA)",Add,C,26,4,23,9.2,2.9,2.3,0,0.6,0.3,0.55,0,0.57,1,1.3,0.5,154.1,13,5.8,0.63
,"Marquis Teague
(BKL)",Add,G,21,2,39,11.2,2.7,1,1.5,0.1,0.2,0.33,0.28,0.74,0,1,1,286.4,13,5.8,0.52
,"Gal Mekel
(DAL)",Add,G,26,1,31,9.4,2.4,0.9,2,0,0.1,0.38,0.25,0.67,0.2,0.7,1,236.3,4,5.8,0.61
,"Orlando Johnson
(*FA)",Add,G,25,2,44,8.9,2.3,1.2,0.5,0,0.1,0.41,0.19,0.73,0.2,1,0.3,235.3,4,5.7,0.64
,"Victor Claver
(POR)",Add,F,26,2,21,8.7,2.2,1.9,0.6,0.1,0.1,0.58,0.17,0.91,0.4,1.4,0.5,170,2,5.6,0.65
,"Otto Porter
(WAS)",Add,F,21,1,34,9.4,2.3,1.7,0.3,0,0.2,0.41,0.19,0.67,0.6,1.1,0.4,149.8,41,5.4,0.58
,"Seth Curry
(*FA)",Add,G,24,1,2,6.5,1.5,0.5,0,0,1,0,1,0,0,0.5,0,38.3,4,5.4,0.83
,"Andre Roberson
(OKL)",Add,FG,22,1,38,10.4,2,2.4,0.4,0.3,0.5,0.56,0.15,0.7,0.9,1.5,0.5,256,17,5.3,0.51
,"Peyton Siva
(*FA)",Add,G,23,1,21,10.6,2.6,0.7,1.6,0,0.4,0.33,0.29,0.73,0.1,0.6,0.9,318.6,12,5.3,0.5
,"Garrett Temple
(WAS)",Add,G,28,4,65,9.8,2.1,1,1.1,0.2,0.5,0.4,0.21,0.7,0.3,0.7,0.6,237.6,2,5.3,0.54
,"Luigi Datome
(DET)",Add,F,26,1,33,7.1,2.5,1.4,0.3,0,0.2,0.47,0.18,0.8,0.4,1,0.3,184.3,8,5.3,0.74
,"Allen Crabbe
(POR)",Add,G,22,1,14,6.9,2.4,0.6,0.4,0.1,0.1,0.32,0.43,0.75,0.1,0.6,0.2,242.3,4,5.2,0.75
,"Othyus Jeffers
(*FA)",Add,GF,29,4,3,12,2.3,2.3,0.3,0,0,0.67,0,0.75,0,2.3,0.3,110.9,2,5.1,0.43
,"Stephen Jackson
(*FA)",Add,GF,36,14,9,11.8,1.7,1.1,0.6,0.1,0.7,0.42,0.07,0.5,0.2,0.9,0.7,284.6,4,5.1,0.43
,"Shannon Brown
(MIA)",Add,G,28,8,24,9.2,2.3,1.1,0.3,0,0.5,0.38,0,0.68,0.3,0.8,0.7,220.6,8,4.8,0.52
,"Aaron Gray
(DET)",Add,C,29,7,36,9.7,1.8,3.1,0.6,0.2,0.3,0.45,0,0.55,1.2,1.9,0.9,255.3,15,4.7,0.48
,"Alex Len *
(PHO)",Add,C,21,1,42,8.6,2,2.4,0.1,0.4,0.1,0.42,0,0.65,0.9,1.4,0.6,172.3,39,4.6,0.54
,"Jamaal Tinsley
(*FA)",Add,G,36,11,8,13.8,1.1,1.4,2.9,0,0.2,0.6,0.07,0,0.3,1.1,1.1,261.7,2,4.6,0.33
,"Brandon Rush
(GSW)",Add,G,29,6,38,11.1,2.1,1.2,0.6,0.2,0.1,0.33,0.34,0.6,0.1,1,0.5,234.8,10,4.5,0.41
,"Solomon Hill
(IND)",Add,F,23,1,27,8.4,1.7,1.5,0.4,0.1,0.2,0.59,0.3,0.86,0.3,1.2,0.5,170.6,28,4.4,0.52
,"Ryan Hollins
(*FA)",Add,C,29,8,61,8,2.3,1.5,0.1,0.5,0.1,0.74,0,0.63,0.5,1,0.5,290.5,10,4.4,0.55
,"Jared Cunningham
(*FA)",Add,G,23,2,10,7.4,2.4,0.5,0.8,0,0.3,0.36,0.17,0.81,0,0.5,0.2,175.8,4,3.8,0.51
,"AJ Price
(*FA)",Add,G,27,5,26,3.8,1.7,0.4,0.5,0,0,0.54,0.27,0,0,0.3,0.3,279.1,2,3.6,0.93
,"Jamaal Franklin
(MEM)",Add,G,23,1,20,8.1,2,1.1,0.3,0.1,0.2,0.39,0.45,1,0.2,1,0.5,246.5,10,3.5,0.44
,"Nemanja Nedovic
(GSW)",Add,G,23,1,21,6.7,1.2,0.7,0.6,0,0,0.24,0.17,0.88,0.1,0.6,0.6,258.5,4,3.3,0.49
,"Joel Anthony
(BOS)",Add,C,32,7,28,6.6,0.9,1.4,0.1,0.4,0.1,0.38,0,0.33,0.5,0.8,0.1,136.2,4,3.2,0.48
,"Tony Mitchell
(DET)",Add,F,22,1,11,4.2,1.4,1.2,0.1,0.2,0.1,0.4,1,0.57,0.8,0.4,0.2,215.3,8,3,0.71
,"Bernard James
(DAL)",Add,F,29,2,28,5.1,1,1.5,0.1,0.3,0.1,0.5,0,0.55,0.5,1,0.4,261.3,8,2.8,0.55
,"Ronnie Brewer
(*FA)",Add,G,29,8,20,7.9,0.4,0.7,0.5,0,0.3,0.29,0.13,0,0.1,0.6,0.1,204.6,4,2.7,0.34
,"Jason Collins
(*FA)",Add,C,35,13,20,8.7,1.2,1,0.2,0,0.4,0.52,0,0.75,0.4,0.6,0.4,251.4,2,2.5,0.28
,"Viacheslav Kravtsov
(*FA)",Add,C,27,2,18,3.3,1.1,0.9,0.1,0.1,0,0.53,0,0.5,0.5,0.4,0.3,249.4,2,2.4,0.72
,"Hasheem Thabeet
(PHI)",Add,C,27,5,23,8.4,1.2,1.7,0,0.4,0.2,0.57,0,0.2,0.4,1.3,0.6,266.7,8,2.4,0.28
,"Ryan Gomes
(*FA)",Add,F,32,9,5,6.6,1.2,0.8,0.2,0,0,0.5,0,0,0,0.8,0.2,234.9,2,2.3,0.34
,"Hamady Ndiaye
(*FA)",Add,C,27,4,11,6.6,0.5,1.5,0.3,0.4,0,0.33,0,0,0.5,1.1,0.3,61,2,1.7,0.25
,"Andris Biedrins
(*FA)",Add,FC,28,10,6,7.3,0.5,2.8,0,0,0,1,0,0.17,0.3,2.5,0.3,220.2,8,1.4,0.19
,"Erik Murphy
(CLE)",Add,F,23,1,18,3.3,0.3,0.4,0.1,0.2,0,0.33,0,0,0.1,0.3,0.1,198.5,4,1.1,0.32
,"Royce White
(*FA)",Add,F,23,2,3,3,0,0,0,0,0,0,0,0,0,0,0,249.6,2,-0.8,-0.27
