STATS,Player,P,Age,Exp,G,MPG,PPG,RPG,APG,BPG,SPG,2pt,3pt,ft,ORPG,DRPG,TPG,ADP,O,FPPG,FPPM
"Kevin Durant
(OKL)",Remove,F,25,7,81,38.5,32,7.4,5.5,0.7,1.3,0.55,0.39,0.87,0.7,6.7,3.5,2.2,93,43.4,1.13
"Kevin Love
(CLE)",Remove,FC,26,6,77,36.3,26.1,12.5,4.5,0.5,0.8,0.5,0.38,0.82,2.9,9.6,2.5,6,96,41.8,1.15
"LeBron James
(CLE)",Remove,F,29,11,77,37.7,27.1,6.9,6.3,0.3,1.6,0.62,0.38,0.75,1.1,5.9,3.5,3.8,93,38.8,1.03
"Carmelo Anthony *
(NYK)",Remove,F,30,11,77,38.7,27.4,8.1,3.1,0.7,1.2,0.47,0.4,0.85,1.9,6.2,2.6,10.5,96,37.9,0.98
"LaMarcus Aldridge
(POR)",Remove,FC,29,8,69,36.2,23.2,11.1,2.6,1,0.9,0.46,0.2,0.82,2.4,8.7,1.8,7.5,96,37.1,1.03
"DeMarcus Cousins
(SAC)",Remove,C,24,4,71,32.4,22.7,11.7,2.9,1.3,1.5,0.5,0,0.73,3.1,8.6,3.5,8.3,93,36.6,1.13
"Blake Griffin
(LAC)",Remove,F,25,4,80,35.8,24.1,9.5,3.8,0.6,1.1,0.54,0.27,0.72,2.4,7.1,2.8,9,89,36.4,1.02
"Al Jefferson
(CHA)",Remove,C,29,10,73,35.1,21.8,10.8,2.1,1.1,0.9,0.51,0.2,0.69,2.1,8.7,1.7,13,93,35.1,1
"Stephen Curry
(GSW)",Remove,G,26,5,78,36.4,24,4.3,8.5,0.2,1.7,0.51,0.42,0.89,0.6,3.7,3.8,8.7,93,34.9,0.96
"Anthony Davis *
(NOR)",Remove,FC,21,2,67,35.2,20.8,10,1.6,2.8,1.3,0.52,0.22,0.79,3.1,7,1.6,5.5,93,34.9,0.99
"James Harden
(HOU)",Remove,G,25,5,73,38.1,25.4,4.7,6.1,0.4,1.6,0.52,0.37,0.87,0.8,3.9,3.6,10.2,89,34.5,0.91
"Chris Paul
(LAC)",Remove,G,29,9,62,35,19.1,4.3,10.7,0.1,2.5,0.5,0.37,0.86,0.6,3.7,2.3,8.6,93,34.3,0.98
"Russell Westbrook
(OKL)",Remove,G,25,6,46,30.6,21.8,5.7,6.9,0.2,1.9,0.48,0.32,0.83,1.2,4.5,3.8,11.4,89,32.7,1.07
"Dwight Howard
(HOU)",Add,C,28,10,71,33.7,18.3,12.2,1.8,1.8,0.8,0.59,0.29,0.55,3.3,8.9,3.2,12.1,89,31.7,0.94
"Paul George *
(IND)",Remove,GF,24,4,80,36.3,21.7,6.8,3.5,0.3,1.9,0.46,0.36,0.86,0.8,6,2.8,129.3,58,31.4,0.87
"John Wall
(WAS)",Remove,G,24,4,82,36.3,19.3,4.1,8.8,0.5,1.8,0.46,0.35,0.8,0.5,3.6,3.6,16.8,93,30.8,0.85
"Dirk Nowitzki
(DAL)",Remove,F,36,16,80,32.8,21.7,6.2,2.7,0.6,0.9,0.53,0.4,0.9,0.5,5.7,1.5,22.6,96,30.6,0.93
"DeMar DeRozan
(TOR)",Remove,GF,25,5,79,38.2,22.7,4.3,4,0.4,1.1,0.45,0.3,0.82,0.6,3.7,2.2,27.1,93,30.2,0.79
"Pau Gasol *
(CHI)",Remove,FC,34,13,60,31.4,17.4,9.7,3.4,1.5,0.4,0.48,0.29,0.74,2.1,7.6,2.4,24.6,93,30,0.96
"Paul Millsap
(ATL)",Remove,F,29,8,74,33.5,17.9,8.5,3.1,1.1,1.7,0.49,0.36,0.73,2.1,6.4,2.5,25.7,93,29.9,0.89
"Al Horford *
(ATL)",Add,FC,28,7,29,33.1,18.6,8.4,2.6,1.5,0.9,0.57,0.36,0.68,2.3,6.1,2.2,24.8,93,29.8,0.9
"Kyrie Irving
(CLE)",Remove,G,22,3,71,35.2,20.8,3.6,6.1,0.3,1.5,0.46,0.36,0.86,0.7,2.9,2.7,25.2,93,29.7,0.84
"Joakim Noah *
(CHI)",Remove,C,29,7,80,35.2,12.6,11.3,5.4,1.5,1.2,0.48,0,0.74,3.5,7.7,2.4,22.8,96,29.6,0.84
"Kyle Lowry
(TOR)",Remove,G,28,8,79,36.2,17.9,4.7,7.4,0.2,1.5,0.46,0.38,0.81,1.1,3.6,2.5,28.7,93,29.3,0.81
"Andre Drummond
(DET)",Remove,C,21,2,81,32.3,13.5,13.2,0.4,1.6,1.3,0.62,0,0.42,5.4,7.8,1.3,17.6,93,28.7,0.89
"Zach Randolph
(MEM)",Remove,F,33,13,79,34.3,17.4,10.1,2.5,0.3,0.7,0.47,0.1,0.74,3.4,6.7,2.3,37.2,89,28.6,0.83
"David Lee
(GSW)",Add,F,31,9,69,33.2,18.2,9.3,2.1,0.4,0.7,0.52,0,0.78,2.7,6.7,2.2,35.9,93,28.5,0.86
"Ty Lawson
(DEN)",Remove,G,26,5,62,35.9,17.6,3.5,8.8,0.2,1.6,0.46,0.36,0.8,0.7,2.8,3.2,39.6,89,28.4,0.79
"Damian Lillard
(POR)",Remove,G,24,2,82,35.8,20.7,3.5,5.5,0.3,0.8,0.45,0.39,0.87,0.4,3.1,2.4,23,93,28.4,0.79
"Brook Lopez *
(BKL)",Remove,C,26,6,17,31.4,20.7,6,0.9,1.8,0.5,0.57,0,0.82,2.3,3.7,1.6,37,93,28.3,0.9
"Goran Dragic
(PHO)",Remove,G,28,6,76,35.1,20.3,3.2,5.9,0.3,1.4,0.54,0.41,0.76,0.9,2.3,2.8,34.7,96,28.3,0.81
"Tim Duncan
(SAS)",Remove,FC,38,17,74,29.1,15.1,9.8,3,1.9,0.6,0.49,0,0.73,2.1,7.6,2.1,31.9,93,28.2,0.97
"Michael Carter-Williams *
(PHI)",Remove,G,22,1,70,34.5,16.7,6.2,6.3,0.6,1.8,0.44,0.26,0.7,1.4,4.8,3.5,30.1,93,28.1,0.81
"Isaiah Thomas
(PHO)",Remove,G,25,3,72,34.6,20.3,2.9,6.3,0.1,1.3,0.5,0.35,0.85,0.7,2.3,3,52.7,93,28,0.81
"Rudy Gay
(SAC)",Remove,F,28,8,73,34.7,20,6,2.9,0.8,1.3,0.48,0.33,0.82,1.5,4.4,3.1,45.3,85,27.8,0.8
"Kemba Walker
(CHA)",Remove,G,24,3,73,35.8,17.7,4.2,6.1,0.4,1.2,0.42,0.33,0.84,0.5,3.7,2.3,45.4,89,27.3,0.76
"Dwyane Wade
(MIA)",Remove,G,32,11,54,32.9,19,4.5,4.7,0.5,1.5,0.56,0.28,0.73,1.1,3.4,3,36.5,93,27.2,0.83
"Monta Ellis
(DAL)",Remove,G,28,9,82,36.9,19,3.6,5.7,0.3,1.7,0.48,0.33,0.79,0.5,3.1,3.2,50.9,86,27.1,0.74
"Ryan Anderson *
(NOR)",Remove,F,26,6,22,36.1,19.8,6.4,0.8,0.3,0.5,0.46,0.41,0.95,3,3.5,0.9,70.5,78,26.9,0.74
"Nikola Vucevic *
(ORL)",Remove,C,23,3,57,31.8,14.2,11,1.8,0.8,1.1,0.51,0,0.77,3.2,7.7,2,37.1,93,26.9,0.85
"DeAndre Jordan
(LAC)",Remove,C,26,6,82,35,10.4,13.6,0.9,2.5,1,0.68,0,0.43,4,9.5,1.5,38.8,86,26.9,0.77
"Thaddeus Young
(MIN)",Remove,F,26,7,79,34.4,17.9,6,2.3,0.5,2.1,0.5,0.31,0.71,2.1,3.9,2.1,52.6,81,26.8,0.78
"Serge Ibaka
(OKL)",Remove,FC,24,5,81,32.9,15.1,8.8,1,2.7,0.5,0.55,0.38,0.78,2.8,6,1.5,25.8,96,26.6,0.81
"Josh Smith
(DET)",Remove,F,28,10,77,35.5,16.4,6.8,3.3,1.4,1.4,0.46,0.26,0.53,1.3,5.4,2.6,54.4,89,26.6,0.75
"Nikola Pekovic
(MIN)",Remove,C,28,4,54,30.8,17.5,8.7,0.9,0.4,0.6,0.54,0,0.75,3.8,4.9,1.6,43.6,89,26.5,0.86
"Eric Bledsoe
(PHO)",Remove,G,24,4,43,32.9,17.7,4.7,5.5,0.3,1.6,0.52,0.36,0.77,0.6,4.1,3.3,56.6,89,26.5,0.8
"Greg Monroe
(DET)",Remove,FC,24,4,82,32.8,15.2,9.3,2.1,0.6,1.1,0.5,0,0.66,3.1,6.1,2,39.2,86,26.2,0.8
"Marc Gasol
(MEM)",Add,C,29,6,59,33.5,14.6,7.2,3.7,1.3,1,0.48,0.18,0.77,1.4,5.8,1.9,34.8,96,25.8,0.77
"Mike Conley
(MEM)",Remove,G,26,7,73,33.5,17.2,2.9,6,0.2,1.5,0.48,0.36,0.82,0.6,2.4,2.1,58.9,81,25.8,0.77
"Chandler Parsons
(DAL)",Remove,F,25,3,74,37.6,16.6,5.5,4,0.4,1.2,0.53,0.37,0.74,0.9,4.6,1.9,58.9,89,25.8,0.69
"Gordon Hayward
(UTA)",Remove,GF,24,4,77,36.3,16.2,5.1,5.2,0.5,1.4,0.45,0.3,0.82,0.8,4.3,2.8,51.9,85,25.7,0.71
"Jrue Holiday *
(NOR)",Add,G,24,5,34,33.6,14.3,4.2,7.9,0.4,1.6,0.46,0.39,0.81,0.8,3.4,3.1,57,89,25.3,0.75
"Rajon Rondo
(BOS)",Remove,G,28,8,30,33.3,11.7,5.5,9.8,0.1,1.3,0.44,0.29,0.63,0.7,4.7,3.3,39.9,89,25,0.75
"Brandon Jennings
(DET)",Remove,G,24,5,80,34.1,15.5,3,7.6,0.1,1.3,0.4,0.34,0.75,0.7,2.3,2.7,60.8,78,24.9,0.73
"Marcin Gortat
(WAS)",Remove,C,30,7,81,32.8,13.2,9.5,1.7,1.5,0.5,0.54,1,0.69,2.5,7,1.6,52.1,85,24.8,0.76
"Nicolas Batum
(POR)",Remove,GF,25,6,82,36.1,13,7.5,5.1,0.7,0.9,0.57,0.36,0.8,1.4,6,2.5,47.9,86,24.7,0.68
"Brandon Knight
(MIL)",Add,G,22,3,73,33,17.7,3.5,4.8,0.2,0.9,0.47,0.33,0.8,0.6,2.9,2.6,70,70,24.6,0.75
"Chris Bosh
(MIA)",Remove,FC,30,11,79,32,16.2,6.6,1.1,1,1,0.57,0.34,0.82,1.2,5.4,1.6,30,85,24.4,0.76
"Jeff Teague
(ATL)",Remove,G,26,5,79,32.2,16.5,2.6,6.7,0.2,1.1,0.47,0.33,0.85,0.4,2.2,2.9,62.4,78,24.2,0.75
"Luol Deng
(MIA)",Remove,F,29,10,63,35.1,16,5.7,2.9,0.1,1,0.47,0.3,0.79,1.6,4.2,1.8,65.5,81,24,0.68
"Spencer Hawes
(LAC)",Remove,C,26,7,80,30.9,13.2,8.2,3,1.2,0.6,0.48,0.42,0.78,1.6,6.6,2.2,80.4,77,24,0.78
"Derrick Favors
(UTA)",Remove,FC,23,4,73,30.2,13.3,8.7,1.2,1.5,1,0.52,0,0.67,2.7,6,1.8,44.2,93,24,0.8
"Arron Afflalo
(DEN)",Add,GF,28,7,73,34.9,18.2,3.6,3.4,0,0.5,0.47,0.43,0.82,0.4,3.2,2,78.5,66,23.7,0.68
"Bradley Beal
(WAS)",Remove,G,21,2,73,34.6,17.1,3.7,3.4,0.2,1,0.43,0.4,0.79,0.7,3,1.8,68.1,81,23.7,0.68
"Lance Stephenson
(CHA)",Remove,G,24,4,78,35.2,13.8,7.2,4.6,0.1,0.7,0.54,0.35,0.71,1.2,5.9,2.7,57.1,81,23.7,0.67
"David West
(IND)",Remove,F,34,11,80,30.9,14,6.8,2.8,0.9,0.8,0.49,0.27,0.79,1.5,5.3,1.7,63.5,86,23.6,0.76
"Kevin Martin
(MIN)",Remove,G,31,10,68,32,19.1,3,1.8,0.1,1,0.45,0.39,0.89,0.5,2.5,1.6,87,62,23.4,0.73
"Klay Thompson
(GSW)",Remove,G,24,3,81,35.4,18.4,3.1,2.2,0.5,0.9,0.46,0.42,0.79,0.5,2.6,1.7,79.5,77,23.4,0.66
"Kenneth Faried
(DEN)",Remove,F,24,3,80,27.2,13.7,8.5,1.2,0.8,0.9,0.55,0,0.65,3,5.6,1.7,45.8,85,23.4,0.86
"Tyreke Evans *
(NOR)",Remove,GF,24,5,72,28.1,14.5,4.7,5,0.3,1.2,0.46,0.22,0.77,1.1,3.7,2.4,65.8,81,23.3,0.83
"Jamal Crawford
(LAC)",Add,G,34,14,69,30.3,18.6,2.3,3.2,0.2,0.9,0.46,0.36,0.87,0.5,1.8,2,80.5,69,23.2,0.76
"Trevor Ariza
(HOU)",Remove,F,29,10,77,35.4,14.4,6.2,2.5,0.3,1.6,0.51,0.41,0.77,1.3,4.9,1.7,86.2,74,23.2,0.66
"Tony Parker
(SAS)",Add,G,32,13,68,29.4,16.7,2.3,5.7,0.1,0.5,0.51,0.37,0.81,0.3,2,2.2,50.8,86,23.1,0.78
"Tobias Harris
(ORL)",Remove,F,22,3,61,30.3,14.6,7,1.3,0.4,0.7,0.51,0.25,0.81,1.4,5.5,1.3,88.6,69,22.7,0.75
"Carlos Boozer
(LAL)",Remove,F,32,12,76,28.2,13.7,8.3,1.6,0.3,0.7,0.46,0,0.77,1.8,6.5,2,80.8,86,22.6,0.8
"Nene Hilario
(WAS)",Remove,FC,32,12,53,29.5,14.2,5.5,2.9,0.9,1.2,0.51,0.2,0.58,1.2,4.3,2.2,64.5,86,22.6,0.77
"Deron Williams *
(BKL)",Remove,G,30,9,64,32.1,14.3,2.6,6.1,0.2,1.5,0.5,0.37,0.8,0.2,2.4,2.2,63.8,77,22.5,0.7
"Jared Sullinger
(BOS)",Remove,FC,22,2,74,27.6,13.3,8.1,1.6,0.7,0.5,0.47,0.27,0.78,3.3,4.9,1.6,60.8,86,22.5,0.82
"Jeff Green
(BOS)",Add,F,27,6,82,34.2,16.9,4.6,1.7,0.6,0.7,0.45,0.34,0.79,0.7,4,2,91.5,58,22.4,0.65
"Kawhi Leonard
(SAS)",Remove,GF,23,3,66,29.2,12.8,6.2,2,0.7,1.7,0.58,0.38,0.8,1.2,5.1,1.2,45.9,81,22.3,0.76
"Wes Matthews
(POR)",Remove,GF,27,5,82,33.9,16.4,3.5,2.4,0.2,0.9,0.49,0.39,0.84,0.6,2.9,1.3,94.9,58,22.1,0.65
"Ricky Rubio
(MIN)",Remove,G,23,3,82,32.1,9.5,4.2,8.6,0.1,2.3,0.39,0.33,0.8,0.7,3.4,2.7,58,96,22,0.68
"JJ Hickson *
(DEN)",Remove,FC,26,6,69,27,11.8,9.2,1.4,0.7,0.7,0.51,0,0.52,3,6.2,1.8,82.5,81,21.9,0.81
"Robin Lopez
(POR)",Remove,C,26,6,82,31.8,11.1,8.5,0.9,1.7,0.3,0.55,0,0.82,4,4.5,1,86.5,74,21.5,0.68
"Jimmy Butler
(CHI)",Remove,GF,24,3,67,38.7,13.1,4.9,2.6,0.5,1.9,0.46,0.28,0.77,1.3,3.6,1.5,95.2,66,21.5,0.56
"Nick Young
(LAL)",Remove,GF,29,7,64,28.4,17.9,2.6,1.5,0.2,0.7,0.47,0.39,0.82,0.5,2.1,1.5,116.8,59,21.4,0.75
"Tristan Thompson
(CLE)",Remove,F,23,3,82,31.6,11.7,9.2,0.9,0.4,0.5,0.48,0,0.69,3.3,5.9,1.3,117.7,51,21.4,0.68
"Terrence Jones
(HOU)",Remove,F,22,2,76,27.4,12.1,6.9,1.1,1.3,0.7,0.58,0.3,0.61,2.1,4.8,0.9,83.1,70,21.3,0.78
"Markieff Morris
(PHO)",Remove,F,25,3,81,26.6,13.8,6,1.8,0.6,0.8,0.51,0.31,0.79,1.7,4.3,1.8,77.1,70,21.2,0.8
"Joe Johnson
(BKL)",Remove,GF,33,13,79,32.6,15.8,3.4,2.7,0.1,0.6,0.49,0.4,0.82,0.6,2.8,1.5,99.1,66,21.1,0.65
"JR Smith
(NYK)",Remove,G,29,10,74,32.7,14.5,4,3,0.3,0.9,0.44,0.39,0.65,0.5,3.5,1.5,102.9,59,21.1,0.64
"Taj Gibson
(CHI)",Add,F,29,5,82,28.7,13,6.8,1.1,1.3,0.5,0.48,0,0.75,2.4,4.4,1.8,115.6,69,21,0.73
"Victor Oladipo
(ORL)",Remove,G,22,1,80,31.1,13.8,4.1,4.1,0.5,1.6,0.45,0.33,0.78,0.5,3.6,3.2,66.7,81,20.9,0.67
"Jameer Nelson
(DAL)",Add,G,32,10,68,32,12.1,3.4,7,0.1,0.8,0.44,0.35,0.86,0.4,3,2.4,135.1,51,20.9,0.65
"Anderson Varejao
(CLE)",Remove,C,31,10,65,27.7,8.4,9.7,2.2,0.6,1.1,0.5,0,0.68,2.9,6.8,1.1,87.5,78,20.8,0.75
"Evan Turner
(BOS)",Add,GF,25,4,80,30.2,14,5,3.2,0.1,0.8,0.45,0.32,0.81,0.8,4.3,2.4,95.6,66,20.8,0.69
"Derrick Rose *
(CHI)",Remove,G,25,6,10,31.1,15.9,3.2,4.3,0.1,0.5,0.36,0.34,0.84,0.9,2.3,3.4,34.2,78,20.6,0.66
"Dion Waiters
(CLE)",Add,G,22,2,70,29.6,15.9,2.8,3,0.2,0.9,0.45,0.37,0.69,0.4,2.3,2.2,131.7,59,20.6,0.7
"John Henson
(MIL)",Remove,FC,23,2,70,26.5,11.1,7.1,1.6,1.7,0.6,0.54,0,0.51,2.4,4.7,1.6,78,74,20.5,0.77
"Eric Gordon *
(NOR)",Remove,G,25,6,64,32.1,15.4,2.6,3.2,0.2,1.2,0.46,0.39,0.78,0.5,2.1,2.1,110.5,54,20.5,0.64
"Jonas Valanciunas
(TOR)",Remove,C,22,2,81,28.2,11.3,8.8,0.7,0.9,0.3,0.53,0,0.76,2.8,6,1.7,68.3,77,20.3,0.72
"Trey Burke
(UTA)",Add,G,21,1,70,32.3,12.8,3,5.7,0.1,0.6,0.41,0.33,0.9,0.5,2.4,1.9,94.6,62,20.2,0.63
"Reggie Jackson
(OKL)",Remove,G,24,3,80,28.5,13.1,3.9,4.1,0.1,1.1,0.48,0.34,0.89,0.5,3.4,2.1,103.1,62,20.2,0.71
"Wilson Chandler
(DEN)",Add,F,27,7,62,30.9,13.6,4.7,1.8,0.5,0.7,0.48,0.35,0.72,0.9,3.8,1.3,143.6,54,20.2,0.65
"Kobe Bryant *
(LAL)",Remove,GF,36,18,6,29.5,13.8,4.3,6.3,0.2,1.2,0.49,0.19,0.86,0.3,4,5.7,39.5,86,20.2,0.68
"Gerald Henderson *
(CHA)",Add,GF,26,5,77,31.9,14,4,2.6,0.4,0.6,0.44,0.35,0.76,0.4,3.6,1.5,128.9,43,20.2,0.63
"Gerald Green
(PHO)",Remove,GF,28,7,82,28.4,15.8,3.3,1.5,0.5,0.9,0.49,0.4,0.85,0.6,2.8,1.8,114.4,69,20.2,0.71
"Andrew Bogut
(GSW)",Remove,C,29,9,67,26.4,7.3,10,1.7,1.8,0.7,0.63,0,0.34,2.7,7.3,1.4,78.9,81,20.1,0.76
"Jodie Meeks
(DET)",Add,G,27,5,77,33.2,15.7,2.5,1.8,0.1,1.4,0.51,0.4,0.86,0.4,2.1,1.4,125.1,42,20.1,0.61
"Paul Pierce
(WAS)",Remove,F,36,16,75,28,13.5,4.6,2.4,0.4,1.1,0.51,0.37,0.83,0.3,4.3,2,100.1,70,20,0.71
"Tyson Chandler
(DAL)",Remove,C,31,13,55,30.3,8.7,9.6,1.1,1.1,0.7,0.6,0,0.63,2.9,6.7,1.3,79.5,74,20,0.66
"Andrea Bargnani *
(NYK)",Remove,FC,28,8,42,29.8,13.3,5.3,1.1,1.2,0.3,0.49,0.28,0.82,1.7,3.6,1.4,108,54,19.8,0.66
"Enes Kanter
(UTA)",Remove,C,22,3,80,26.7,12.3,7.5,0.9,0.5,0.4,0.49,0,0.73,2.8,4.7,1.8,87.8,66,19.8,0.74
"Avery Bradley
(BOS)",Remove,G,23,4,60,30.9,14.8,3.8,1.4,0.2,1.1,0.45,0.4,0.8,0.8,3,1.6,142.4,43,19.7,0.64
"Roy Hibbert
(IND)",Remove,C,27,6,81,29.7,10.8,6.6,1.1,2.2,0.4,0.44,0.4,0.77,2.5,4.1,1.8,67.8,78,19.3,0.65
"JJ Redick
(LAC)",Remove,G,30,8,35,28.2,15.2,2.1,2.3,0.1,0.8,0.51,0.39,0.92,0.3,1.9,1.2,135,51,19.3,0.68
"DeMarre Carroll
(ATL)",Add,F,28,5,73,32.1,11.1,5.5,1.8,0.3,1.5,0.55,0.36,0.77,1.5,4.1,1.1,130.3,43,19.2,0.6
"Alec Burks
(UTA)",Remove,G,23,3,78,28.1,14,3.3,2.7,0.2,0.9,0.48,0.35,0.75,0.8,2.5,1.9,146.8,47,19.1,0.68
"Randy Foye
(DEN)",Add,G,30,8,81,30.7,13.1,2.9,3.6,0.5,0.8,0.46,0.38,0.85,0.4,2.4,1.8,136.3,39,19.1,0.62
"Shawn Marion
(CLE)",Add,F,36,15,76,31.7,10.4,6.5,1.6,0.5,1.2,0.52,0.36,0.78,1.7,4.8,1.3,135.5,51,19,0.6
"Manu Ginobili *
(SAS)",Remove,G,37,12,68,22.9,12.3,3,4.3,0.2,1,0.55,0.35,0.85,0.4,2.6,2,91.4,89,18.8,0.82
"Kyle Korver
(ATL)",Remove,GF,33,11,71,34,12,4,2.9,0.3,1,0.48,0.47,0.93,0.3,3.7,1.4,127.1,62,18.7,0.55
"Amir Johnson
(TOR)",Remove,FC,27,9,77,28.8,10.4,6.5,1.5,1.1,0.7,0.59,0.3,0.64,2.2,4.3,1.6,111.5,59,18.7,0.65
"Ersan Ilyasova *
(MIL)",Add,F,27,6,55,26.9,11.2,6.2,1.3,0.1,0.8,0.45,0.28,0.82,1.9,4.3,1.1,134.5,47,18.6,0.69
"DJ Augustin
(DET)",Remove,G,26,6,70,27.6,13.3,1.8,4.5,0,0.7,0.43,0.4,0.89,0.2,1.6,1.8,166.3,35,18.6,0.67
"Andre Iguodala
(GSW)",Remove,GF,30,10,63,32.4,9.3,4.6,4.2,0.3,1.5,0.56,0.35,0.65,0.8,3.8,1.6,86.3,69,18.3,0.56
"Andray Blatche
(*FA)",Remove,FC,28,9,73,22.2,11.2,5.3,1.5,0.5,1,0.49,0.28,0.74,1.6,3.7,1.5,116.8,69,18.2,0.82
"Jose Calderon
(NYK)",Add,G,32,9,81,30.5,11.4,2.4,4.7,0.1,0.9,0.46,0.45,0.83,0.4,2,1.3,97.8,62,18.2,0.6
"Jeremy Lin
(LAL)",Remove,G,26,4,71,28.9,12.5,2.6,4.1,0.4,0.9,0.49,0.36,0.82,0.5,2.2,2.5,123,62,18.1,0.63
"Raymond Felton *
(DAL)",Add,G,30,9,65,31.1,9.7,3,5.7,0.4,1.2,0.43,0.32,0.72,0.8,2.2,2,160.7,42,18,0.58
"PJ Tucker
(PHO)",Add,GF,29,3,81,30.7,9.4,6.5,1.7,0.3,1.4,0.45,0.39,0.78,2,4.5,1.3,143.2,42,18,0.59
"Brandon Bass
(BOS)",Remove,F,29,9,82,27.6,11.1,5.7,1.1,0.9,0.4,0.49,0.33,0.86,2,3.8,1.2,151.1,50,18,0.65
"Jordan Hill
(LAL)",Add,FC,27,5,73,20.6,9.5,7.3,0.7,0.9,0.4,0.55,0,0.69,2.7,4.7,1,81.8,69,17.9,0.87
"Vince Carter
(MEM)",Add,GF,37,16,81,24.4,11.9,3.5,2.6,0.4,0.8,0.42,0.39,0.82,0.8,2.7,1.3,126.8,62,17.9,0.73
"Kendall Marshall
(MIL)",Remove,G,23,2,54,29,8,2.9,8.8,0.1,0.9,0.41,0.4,0.53,0.3,2.6,2.8,174.8,54,17.9,0.62
"Ramon Sessions
(*FA)",Add,G,28,7,81,26.7,12.3,2.4,4,0.1,0.6,0.45,0.28,0.81,0.5,2,1.8,182.3,42,17.8,0.67
"Mike Dunleavy
(CHI)",Remove,GF,33,13,82,31.5,11.3,4.2,2.3,0.6,0.8,0.47,0.38,0.85,0.6,3.6,1.3,166.4,47,17.8,0.56
"Channing Frye
(ORL)",Remove,FC,31,9,82,28.2,11.1,5.1,1.2,0.8,0.7,0.51,0.37,0.82,0.9,4.2,1.1,112.1,54,17.8,0.63
"Josh McRoberts *
(MIA)",Add,F,27,7,78,30.3,8.5,4.8,4.3,0.6,0.7,0.52,0.36,0.73,1.1,3.7,1.1,147.4,50,17.8,0.59
"Khris Middleton
(MIL)",Add,F,23,2,82,30,12.1,3.8,2.1,0.2,1,0.45,0.41,0.86,0.7,3,1.5,187.2,43,17.7,0.59
"Tony Wroten
(PHI)",Remove,G,21,2,72,24.5,13,3.2,3,0.2,1.1,0.49,0.21,0.64,1,2.2,2.8,137.2,50,17.7,0.72
"George Hill
(IND)",Remove,G,28,6,76,32.1,10.3,3.7,3.5,0.3,1,0.5,0.37,0.81,0.7,3,1.2,105.3,54,17.6,0.55
"Corey Brewer
(MIN)",Remove,GF,28,7,81,32.2,12.3,2.6,1.7,0.4,1.9,0.55,0.28,0.72,0.8,1.8,1.3,165.2,47,17.4,0.54
"Rodney Stuckey
(IND)",Remove,G,28,7,73,26.7,13.9,2.3,2.1,0.1,0.7,0.45,0.27,0.84,0.5,1.8,1.7,129.4,50,17.4,0.65
"Mario Chalmers
(MIA)",Remove,G,28,6,73,29.9,9.8,2.9,4.9,0.2,1.6,0.5,0.39,0.74,0.6,2.4,2.2,141.3,47,17.3,0.58
"Chris Kaman
(POR)",Remove,C,32,11,39,18.9,10.4,5.9,1.5,1,0.3,0.51,0,0.76,1.4,4.5,1.9,153.7,51,17.1,0.91
"Darren Collison
(SAC)",Remove,G,27,5,80,25.9,11.4,2.4,3.7,0.2,1.2,0.5,0.38,0.86,0.6,1.8,1.7,118.9,51,17.1,0.66
"Larry Sanders *
(MIL)",Add,C,25,4,23,25.5,7.7,7.2,0.8,1.7,0.8,0.47,0,0.47,2.6,4.6,1.1,108.1,66,17.1,0.67
"Patrick Beverley
(HOU)",Remove,G,26,2,56,31.2,10.2,3.5,2.7,0.4,1.4,0.47,0.36,0.81,1.3,2.2,1.2,141,50,17,0.54
"Jason Smith *
(NYK)",Remove,FC,28,6,31,26.6,9.7,5.8,0.9,0.9,0.4,0.46,0,0.78,1.6,4.2,0.9,165.2,35,16.9,0.63
"Amare Stoudemire
(NYK)",Remove,FC,31,12,65,22.6,11.9,4.9,0.5,0.6,0.4,0.56,0,0.74,1.7,3.2,1.4,123.9,69,16.8,0.74
"Miles Plumlee
(PHO)",Remove,FC,26,2,80,24.5,8.1,7.8,0.5,1.1,0.6,0.52,0,0.56,2.5,5.4,1.4,112.5,69,16.8,0.68
"Timofey Mozgov
(DEN)",Add,C,28,4,82,21.6,9.4,6.4,0.8,1.2,0.3,0.54,0.17,0.75,2.1,4.4,1.5,108.9,66,16.6,0.77
"Matt Barnes
(LAC)",Add,F,34,11,63,27.6,9.9,4.6,2,0.4,0.9,0.55,0.34,0.73,1,3.7,1.3,202.8,42,16.5,0.6
"Jordan Farmar
(LAC)",Add,G,27,8,41,22.2,10.1,2.5,4.9,0.2,0.9,0.4,0.44,0.75,0.5,2,2.3,154.2,51,16.3,0.73
"Caron Butler
(DET)",Remove,F,34,12,56,25.3,10.5,4.1,1.5,0.3,0.8,0.4,0.39,0.84,0.4,3.7,1.1,206,32,16.1,0.64
"Marco Belinelli
(SAS)",Remove,G,28,7,80,25.2,11.4,2.8,2.2,0.1,0.6,0.52,0.43,0.85,0.2,2.6,1.2,159.3,58,16,0.64
"Glen Davis
(LAC)",Remove,FC,28,7,68,24.5,9.4,5.2,1.1,0.4,0.9,0.46,0.36,0.69,1.6,3.6,1.1,151.1,39,15.9,0.65
"Zaza Pachulia
(MIL)",Add,C,30,11,53,24.9,7.7,6.3,2.6,0.3,0.8,0.43,0,0.85,2.7,3.6,1.7,169.9,43,15.9,0.64
"Wesley Johnson
(LAL)",Add,GF,27,4,79,28.4,9.1,4.4,1.6,1,1.1,0.47,0.37,0.79,0.9,3.5,1.1,207,42,15.9,0.56
"Kris Humphries
(WAS)",Remove,FC,29,10,68,20.3,8.5,6,1,0.9,0.5,0.5,0,0.81,1.9,4.1,0.9,138.6,58,15.9,0.78
"Marvin Williams
(CHA)",Add,F,28,9,66,25.3,9.1,5.1,1.2,0.5,0.8,0.5,0.36,0.78,1.2,3.8,0.8,192.4,39,15.9,0.63
"Jordan Crawford
(GSW)",Remove,G,25,4,81,22.9,11,2.3,3.5,0.1,0.6,0.47,0.32,0.86,0.3,1.9,1.7,177,42,15.7,0.68
"Jarrett Jack
(BKL)",Remove,G,30,9,80,28.2,9.5,2.8,4.1,0.3,0.7,0.43,0.34,0.84,0.3,2.5,1.7,166.3,47,15.7,0.56
"Tiago Splitter
(SAS)",Add,FC,29,4,59,21.6,8.2,6.2,1.5,0.5,0.5,0.53,0,0.7,2.1,4.1,1.3,98.5,77,15.6,0.72
"Kirk Hinrich
(CHI)",Remove,G,33,11,73,29,9.1,2.6,3.9,0.4,1.1,0.42,0.35,0.76,0.4,2.2,1.6,219.4,39,15.5,0.53
"Andrew Bynum
(*FA)",Add,C,26,9,26,19.9,8.7,5.6,1.1,1.1,0.2,0.42,0,0.76,2,3.5,1.3,203.2,42,15.4,0.77
"Boris Diaw
(SAS)",Remove,FC,32,11,79,25,9.1,4.1,2.8,0.4,0.6,0.55,0.4,0.74,0.9,3.2,1.5,121.4,66,15.4,0.62
"Patrick Patterson
(TOR)",Remove,F,25,4,65,23.6,8.5,5.3,1.2,0.6,0.8,0.5,0.36,0.7,1.8,3.5,1,184.4,47,15.4,0.65
"Lou Williams
(TOR)",Remove,G,27,9,60,24.1,10.4,2.1,3.5,0.1,0.8,0.45,0.34,0.85,0.2,1.9,1.5,192.3,42,15.3,0.64
"OJ Mayo
(MIL)",Remove,G,26,6,52,25.9,11.7,2.4,2.2,0.2,0.5,0.43,0.37,0.86,0.5,1.9,1.8,152.2,47,15.2,0.59
"Al-Farouq Aminu
(DAL)",Remove,F,23,4,80,25.6,7.2,6.2,1.4,0.5,1,0.5,0.27,0.66,1.6,4.6,1.1,195.2,39,15.2,0.59
"Terrence Ross
(TOR)",Add,GF,23,2,81,26.6,10.9,3.1,1,0.3,0.8,0.46,0.39,0.84,0.5,2.6,1.1,147.8,51,15,0.56
"Shaun Livingston *
(GSW)",Remove,G,29,9,76,26,8.3,3.2,3.2,0.4,1.2,0.49,0.17,0.83,0.9,2.4,1.4,197.3,43,15,0.58
"Mo Williams
(MIN)",Remove,G,31,11,74,24.8,9.7,2.1,4.3,0.1,0.7,0.44,0.37,0.88,0.6,1.5,2,194,39,15,0.6
"Kevin Garnett
(BKL)",Remove,FC,38,19,54,20.6,6.5,6.6,1.5,0.7,0.8,0.44,0,0.81,1.1,5.5,1.3,133.4,70,14.9,0.72
"Harrison Barnes
(GSW)",Add,F,22,2,78,28.3,9.5,4,1.5,0.3,0.8,0.42,0.35,0.72,0.8,3.1,1.1,169.3,54,14.9,0.53
"Kelly Olynyk
(BOS)",Remove,FC,23,1,70,19.9,8.7,5.2,1.6,0.4,0.5,0.5,0.35,0.81,2,3.2,1.5,105.6,59,14.8,0.74
"Tony Allen
(MEM)",Remove,G,32,10,55,23.2,9,3.8,1.7,0.3,1.6,0.53,0.23,0.63,1.4,2.3,1.6,196.8,47,14.8,0.64
"Greivis Vasquez
(TOR)",Remove,G,27,4,79,22.5,9.6,2.2,4.1,0.1,0.4,0.46,0.38,0.88,0.3,1.9,1.6,138.4,50,14.7,0.65
"Danny Green
(SAS)",Add,GF,27,5,68,24.3,9.1,3.4,1.5,0.9,1,0.46,0.42,0.79,0.4,3,1.1,134.6,58,14.7,0.61
"Brandan Wright
(DAL)",Remove,FC,26,6,58,18.7,9.1,4.2,0.5,0.9,0.6,0.68,0,0.73,1.8,2.4,0.6,138.9,66,14.7,0.79
"Steve Blake
(POR)",Add,G,34,11,55,27.2,6.9,2.9,5.6,0.1,1,0.38,0.38,0.77,0.2,2.7,1.9,238.3,35,14.6,0.54
"Marcus Morris
(PHO)",Remove,F,25,3,82,22,9.7,3.9,1.1,0.2,0.9,0.48,0.38,0.76,1,2.9,1.2,176.3,42,14.6,0.67
"Samuel Dalembert
(NYK)",Add,C,33,12,80,20.2,6.6,6.8,0.5,1.2,0.5,0.57,0,0.74,2.5,4.3,1.1,143.2,51,14.4,0.71
"Henry Sims
(PHI)",Add,C,24,2,45,19.5,7.8,5.3,1.2,0.4,0.6,0.48,0,0.74,2.3,3,0.9,138.4,43,14.4,0.74
"Kyle Singler
(DET)",Add,GF,26,2,82,28.5,9.6,3.7,0.9,0.5,0.7,0.49,0.38,0.83,1.4,2.3,1,209.2,35,14.4,0.51
"Aaron Brooks
(CHI)",Remove,G,29,6,67,23,9.6,2.1,3.5,0.2,0.8,0.41,0.39,0.87,0.6,1.4,1.7,162.8,42,14.4,0.63
"Nate Robinson *
(DEN)",Add,G,30,9,44,20,10.4,1.8,2.5,0.1,0.8,0.46,0.38,0.84,0.5,1.4,1.3,201.4,47,14.4,0.72
"Patty Mills *
(SAS)",Remove,G,26,5,81,18.8,10.2,2.1,1.8,0.1,0.8,0.5,0.42,0.89,0.4,1.7,0.8,160.3,54,14.3,0.76
"Jermaine ONeal
(*FA)",Add,C,35,18,44,20,7.9,5.5,0.6,0.9,0.3,0.5,0,0.75,1.9,3.6,1.2,142.3,31,14.1,0.7
"Drew Gooden
(WAS)",Add,FC,32,12,22,17.9,8.3,5.1,0.7,0.3,0.5,0.55,0.39,0.89,1.7,3.5,0.8,152.3,42,14.1,0.79
"Jeff Adrien
(HOU)",Add,F,28,4,51,18.7,7.1,5.9,0.7,0.7,0.5,0.52,0,0.64,2,3.9,0.7,155.7,39,14.1,0.75
"Jason Thompson
(SAC)",Remove,FC,28,6,82,24.5,7.1,6.4,0.6,0.7,0.4,0.51,0,0.58,1.9,4.6,1.2,146.9,43,14.1,0.57
"Omer Asik
(NOR)",Remove,C,28,4,48,20.1,5.8,7.9,0.6,0.8,0.3,0.53,0,0.62,2.1,5.8,1.2,97.8,66,14.1,0.7
"Draymond Green
(GSW)",Add,F,24,2,82,21.9,6.2,5,1.9,0.9,1.2,0.45,0.33,0.67,1,3.9,1.1,182.2,43,14,0.64
"Brian Roberts
(CHA)",Remove,G,28,2,72,23.2,9.4,1.9,3.3,0.1,0.6,0.45,0.36,0.94,0.2,1.7,1.3,248,39,13.9,0.6
"Martell Webster *
(WAS)",Remove,GF,27,9,78,27.7,9.7,2.9,1.2,0.2,0.5,0.5,0.39,0.84,0.5,2.4,0.7,246,32,13.8,0.5
"Marcus Thornton
(BOS)",Add,G,27,5,70,24.3,9.8,2.8,1.1,0.2,0.8,0.45,0.34,0.8,0.8,2,0.9,241,39,13.8,0.57
"Ryan Kelly
(LAL)",Add,F,23,1,59,22.3,8,3.7,1.6,0.8,0.5,0.48,0.34,0.81,0.7,3,0.8,193,42,13.8,0.62
"Courtney Lee
(MEM)",Remove,G,28,6,79,25,9.6,2.4,1.5,0.4,0.8,0.53,0.37,0.88,0.4,2,0.9,218.3,39,13.7,0.55
"Devin Harris
(DAL)",Add,G,31,10,40,20.4,7.9,2.1,4.5,0,0.7,0.42,0.31,0.8,0.2,1.9,1.5,194.2,39,13.7,0.67
"Xavier Henry *
(LAL)",Remove,G,23,4,43,21.1,10,2.7,1.2,0.2,1,0.44,0.35,0.66,0.6,2.1,1.3,251.7,32,13.7,0.65
"Mike Scott
(ATL)",Remove,F,26,2,80,18.6,9.6,3.5,0.9,0.1,0.4,0.56,0.31,0.78,0.8,2.8,1,209.3,39,13.6,0.73
"Michael Kidd-Gilchrist
(CHA)",Remove,F,20,2,62,24.2,7.2,5.2,0.8,0.6,0.7,0.48,0.11,0.61,1.8,3.5,1,179.4,43,13.6,0.56
"Mason Plumlee
(BKL)",Add,FC,24,1,68,18.7,7.6,4.5,0.9,0.8,0.7,0.67,0,0.63,1.5,3.1,1.1,113,62,13.5,0.72
"James Johnson
(TOR)",Remove,F,27,5,52,18.4,7.4,3.2,2.1,1.1,0.8,0.55,0.25,0.84,1.2,2,1.3,223,42,13.4,0.73
"Trevor Booker
(UTA)",Add,F,26,4,72,21.6,6.8,5.3,0.9,0.6,0.6,0.55,0,0.62,2.1,3.2,0.8,237.7,39,13.4,0.62
"Kyle OQuinn
(ORL)",Remove,FC,24,2,69,17.2,6.2,5.3,1.1,1.3,0.6,0.51,0,0.69,1.4,3.8,1.1,165,51,13.3,0.77
"Chris Andersen
(MIA)",Remove,C,36,12,72,19.4,6.6,5.3,0.3,1.3,0.4,0.66,0.25,0.71,1.8,3.5,0.7,223,51,13.2,0.68
"CJ Miles
(IND)",Remove,G,27,9,51,19.4,9.9,2,1,0.3,0.9,0.48,0.39,0.85,0.4,1.7,0.9,222.5,42,13.2,0.68
"Giannis Antetokounmpo
(MIL)",Remove,GF,19,1,77,24.7,6.8,4.4,1.9,0.8,0.8,0.44,0.35,0.68,1,3.4,1.6,84.6,70,13.1,0.53
"Mirza Teletovic
(BKL)",Remove,F,28,2,72,19.4,8.6,3.7,0.8,0.3,0.4,0.47,0.39,0.71,0.8,2.9,0.8,136,43,13.1,0.67
"Shelvin Mack
(ATL)",Remove,G,24,3,72,20.7,7.6,2.2,3.8,0,0.7,0.46,0.34,0.86,0.3,1.9,1.3,232.3,32,13,0.63
"Derrick Williams
(SAC)",Remove,F,23,3,76,23.6,8.1,4.2,0.7,0.3,0.6,0.47,0.27,0.72,0.9,3.3,1,191.2,39,12.9,0.55
"Iman Shumpert
(NYK)",Add,GF,24,3,74,26.5,6.7,4.2,1.7,0.2,1.2,0.42,0.33,0.75,1.1,3.1,1.1,169,51,12.9,0.49
"JJ Barea
(MIN)",Add,G,30,8,79,18.6,8.4,1.9,3.8,0,0.3,0.43,0.32,0.79,0.2,1.7,1.6,205.3,47,12.9,0.69
"Jeremy Lamb
(OKL)",Add,G,22,2,78,19.8,8.5,2.4,1.5,0.3,0.7,0.48,0.36,0.8,0.3,2.1,0.8,187.5,43,12.7,0.64
"Manny Harris
(*FA)",Add,G,24,4,9,19.9,8.1,3.8,1.2,0.1,0.4,0.42,0.35,0.83,0.8,3,1,161.7,5,12.7,0.64
"Kosta Koufos
(MEM)",Remove,C,25,6,80,16.9,6.4,5.2,0.5,0.9,0.4,0.49,0,0.65,2,3.2,0.9,206.8,47,12.6,0.75
"Luis Scola
(IND)",Remove,FC,34,7,82,17,7.6,4.8,1,0.2,0.3,0.47,0.14,0.73,1,3.7,1.3,135.8,51,12.6,0.74
"Moe Harkless
(ORL)",Remove,F,21,2,80,24.4,7.4,3.3,1,0.6,1.2,0.5,0.38,0.59,0.9,2.4,1.1,248.7,35,12.5,0.51
"Tim Hardaway-Jr
(NYK)",Add,G,22,1,81,23.2,10.2,1.5,0.8,0.1,0.5,0.5,0.36,0.83,0.2,1.3,0.6,155.5,47,12.5,0.54
"Ben McLemore
(SAC)",Remove,G,21,1,82,26.6,8.8,2.9,1,0.2,0.5,0.42,0.32,0.8,0.6,2.2,1.2,150.4,47,12.3,0.46
"Jeremy Evans
(UTA)",Add,F,26,4,66,18.3,6.1,4.7,0.7,0.7,0.6,0.53,0,0.68,1.8,2.9,0.6,200,35,12.2,0.67
"Pero Antic
(ATL)",Add,FC,32,1,49,18.9,7.2,4.3,1.2,0.2,0.4,0.54,0.33,0.76,1.2,3.1,1.1,164.8,43,12.2,0.64
"Steve Nash *
(LAL)",Remove,G,40,18,16,19.7,6.4,1.8,5.4,0.1,0.4,0.4,0.33,0.92,0.3,1.6,1.9,180.7,43,12.2,0.62
"Danny Granger
(MIA)",Add,F,31,9,41,20.7,8.2,3.2,1,0.4,0.3,0.41,0.34,0.94,0.8,2.5,1.1,162.9,43,12.1,0.59
"Thabo Sefolosha
(ATL)",Add,GF,30,8,61,26,6.3,3.6,1.6,0.3,1.3,0.49,0.32,0.77,0.8,2.8,0.9,192.8,42,12.1,0.46
"DeJuan Blair
(WAS)",Remove,FC,25,5,78,15.6,6.4,4.7,0.9,0.3,0.8,0.54,0,0.64,1.8,2.9,1,174.2,47,12,0.77
"Evan Fournier
(ORL)",Add,G,21,2,76,19.7,8.4,2.7,1.5,0.1,0.4,0.45,0.38,0.76,0.4,2.2,1.3,194,42,11.8,0.6
"Alexis Ajinca
(NOR)",Add,C,26,5,56,17,5.9,4.9,0.7,0.8,0.4,0.55,0,0.84,1.7,3.3,1.1,200.5,35,11.6,0.68
"Cody Zeller
(CHA)",Add,FC,21,1,82,17.2,6,4.3,1.1,0.5,0.5,0.43,0,0.73,1.4,2.9,1.1,159.5,47,11.3,0.66
"Ray McCallum
(SAC)",Remove,G,23,1,42,21.2,6.7,1.9,2.9,0.2,0.5,0.38,0.37,0.74,0.4,1.5,0.9,160.2,35,11.2,0.53
"Gorgui Dieng
(MIN)",Add,C,24,1,59,13.9,4.8,5.1,0.7,0.8,0.5,0.5,1,0.63,1.7,3.3,0.9,111.4,62,11,0.79
"Kenyon Martin
(*FA)",Add,F,36,14,32,19.8,4.3,4.2,1.6,0.8,0.8,0.52,0,0.58,1.1,3.1,0.8,227.7,12,10.8,0.55
"Tayshaun Prince
(MEM)",Add,F,34,12,76,25.6,6,3.1,1.6,0.2,0.5,0.43,0.29,0.57,0.4,2.7,0.5,161.3,20,10.8,0.42
"JaVale McGee *
(DEN)",Remove,C,26,6,5,16,7,3.4,0.4,1.4,0.2,0.44,0,1,2,1.4,1.6,129.4,66,10.8,0.68
"Ed Davis
(LAL)",Remove,FC,25,4,63,15.2,5.7,4.1,0.4,0.7,0.3,0.53,0,0.53,1.5,2.7,0.6,199.6,42,10.5,0.69
"Alan Anderson
(BKL)",Remove,GF,31,4,78,22.7,7.2,2.2,1,0.1,0.6,0.46,0.34,0.78,0.5,1.7,0.8,217.7,20,10.5,0.46
"Gustavo Ayon *
(ATL)",Add,FC,29,3,26,16.5,4.3,4.8,1.1,0.4,1,0.51,0,0.4,1.6,3.2,1.1,208.7,31,10.4,0.63
"Marreese Speights
(GSW)",Remove,FC,27,6,78,12.6,6.5,3.7,0.4,0.4,0.1,0.46,0.26,0.82,1.3,2.4,0.8,178,50,10.4,0.82
"Tyler Zeller
(BOS)",Add,C,24,2,69,15.2,5.8,4.1,0.5,0.6,0.3,0.54,0,0.72,1.5,2.6,0.9,244,39,10.3,0.68
"Darrell Arthur
(DEN)",Remove,F,26,5,68,17.1,5.9,3.1,0.9,0.7,0.6,0.4,0.38,0.85,0.8,2.3,0.9,272.9,24,10.3,0.6
"Reggie Evans
(SAC)",Remove,F,34,12,54,16.6,4,6.2,0.4,0.1,0.7,0.47,0,0.55,2.1,4.1,1.1,179.2,31,10.2,0.61
"Hollis Thompson
(PHI)",Add,F,23,2,77,22.8,6,3.2,0.9,0.2,0.7,0.51,0.4,0.71,0.9,2.3,0.8,122.3,32,10.2,0.45
"CJ Watson
(IND)",Add,G,30,7,63,18.9,6.6,1.6,1.7,0.1,1,0.49,0.37,0.78,0.3,1.3,0.9,263,20,10,0.53
"Andrei Kirilenko
(BKL)",Remove,F,33,12,45,19,5,3.2,1.6,0.4,0.9,0.52,0.2,0.51,1.2,2,1.2,147.5,35,10,0.53
"Chris Wright
(MIL)",Add,F,25,3,7,15.7,6.3,2.3,0.7,0.7,0.6,0.59,0,0.55,1.1,1.1,0.7,115,5,9.9,0.63
"Chase Budinger
(MIN)",Remove,GF,26,5,41,18.4,6.7,2.5,0.8,0,0.5,0.43,0.35,0.82,0.5,2,0.6,221.3,32,9.9,0.54
"Christapher Johnson
(BOS)",Add,F,24,2,40,19.8,6.2,2.4,0.8,0.1,0.7,0.48,0.34,0.86,0.8,1.7,0.6,158.3,12,9.7,0.49
"Donatas Motiejunas
(HOU)",Add,FC,23,2,61,15.6,5.6,3.7,0.6,0.3,0.3,0.52,0.25,0.6,1,2.7,0.8,170.5,43,9.7,0.62
"Anthony Tolliver
(PHO)",Remove,F,29,6,64,20.3,6.1,2.6,0.7,0.2,0.3,0.45,0.41,0.8,0.5,2.1,0.3,255.6,24,9.6,0.47
"ETwaun Moore
(*FA)",Add,G,25,3,79,19.1,6.3,1.7,1.4,0.2,0.8,0.47,0.36,0.76,0.4,1.4,0.7,244.1,24,9.6,0.5
"Thomas Robinson
(POR)",Remove,F,23,2,70,12.5,4.8,4.4,0.5,0.3,0.3,0.48,0,0.56,1.5,2.9,0.8,244.7,42,9.5,0.76
"John Salmons
(NOR)",Remove,GF,34,12,78,22.1,5.2,2.1,1.9,0.2,0.6,0.35,0.39,0.77,0.3,1.8,0.7,217.5,20,9.3,0.42
"Kentavious Caldwell-Pope
(DET)",Add,G,21,1,80,19.8,5.9,2,0.7,0.2,0.9,0.45,0.32,0.77,0.5,1.5,0.4,122.4,42,9.2,0.47
"Kent Bazemore *
(*FA)",Remove,G,25,2,64,14.2,6.3,1.8,1.4,0.2,0.7,0.48,0.34,0.61,0.2,1.7,1.2,265.9,32,9.2,0.65
"Travis Outlaw
(NYK)",Add,F,29,11,63,17,5.4,2.7,0.8,0.3,0.3,0.43,0.35,0.81,0.6,2.1,0.4,249.7,20,9.1,0.54
"Cory Joseph
(SAS)",Add,G,23,3,64,14.6,5.4,1.7,1.8,0.2,0.5,0.5,0.32,0.82,0.5,1.2,0.7,192.7,32,8.9,0.61
"Dorell Wright
(POR)",Remove,F,28,10,68,14.4,5,2.8,0.9,0.2,0.3,0.45,0.34,0.75,0.4,2.4,0.6,195.8,27,8.8,0.61
"Jan Vesely
(*FA)",Add,F,24,3,53,14.6,3.7,3.6,0.4,0.7,1,0.51,0,0.34,1.5,2.1,0.7,249.3,16,8.7,0.6
"Jarvis Varnado
(PHI)",Add,F,26,2,24,14.3,4.1,2.6,0.5,1.2,0.4,0.6,0,0.52,0.8,1.8,0.4,117.4,5,8.5,0.59
"Greg Stiemsma
(*FA)",Add,C,28,3,55,18.3,2.9,4.1,0.7,1,0.6,0.58,0,0.59,1.3,2.8,0.8,219.5,24,8.5,0.46
"Anthony Randolph
(*FA)",Remove,F,25,6,43,12.3,4.8,2.8,0.7,0.4,0.6,0.44,0.3,0.75,0.4,2.4,0.9,220.6,23,8.5,0.69
"Bismack Biyombo
(CHA)",Remove,FC,22,3,77,13.9,2.9,4.8,0.1,1.1,0.1,0.61,0,0.52,1.4,3.4,0.5,153.3,43,8.4,0.6
"Cartier Martin
(DET)",Add,GF,29,6,56,15.5,5.9,1.9,0.6,0.1,0.5,0.46,0.39,0.74,0.2,1.7,0.6,194.6,15,8.4,0.54
"Jae Crowder
(DAL)",Remove,F,24,2,77,16.3,4.6,2.5,0.8,0.3,0.8,0.55,0.33,0.75,0.6,1.9,0.5,240.7,24,8.4,0.51
"Ekpe Udoh
(*FA)",Remove,F,27,4,42,19.1,3.4,3.5,0.7,1,0.4,0.4,0,0.64,1.5,2.1,0.9,260.1,24,8.2,0.43
"Steven Adams
(OKL)",Add,C,21,1,81,14.8,3.3,4.1,0.5,0.7,0.5,0.5,0,0.58,1.8,2.3,0.9,159,47,8.2,0.55
"Ish Smith
(HOU)",Add,G,26,4,70,14.4,3.7,1.8,2.6,0.2,0.7,0.46,0.04,0.56,0.4,1.4,0.9,150.5,15,8.1,0.56
"Earl Clark
(*FA)",Add,F,26,5,53,14.4,4.8,2.6,0.3,0.5,0.3,0.4,0.34,0.65,0.4,2.2,0.6,199.6,16,8,0.56
"Joel Freeland
(POR)",Remove,F,27,2,52,13.9,3.3,4,0.7,0.4,0.2,0.48,0,0.69,1.7,2.3,0.6,242.3,23,8,0.57
"Shane Battier
(*FA)",Remove,F,36,13,72,20.4,4.1,1.9,0.9,0.5,0.7,0.49,0.35,0.65,0.5,1.4,0.3,190.6,12,7.8,0.38
"Jimmer Fredette
(NOR)",Remove,G,25,3,47,11,5.8,1.1,1.4,0.1,0.3,0.46,0.48,0.9,0.2,0.9,1,230.3,23,7.5,0.68
"Hilton Armstrong
(*FA)",Add,FC,29,7,10,8.9,2.5,4.4,0.5,0.3,0.4,0.47,0,0.5,1.8,2.6,0.6,144.7,5,7.5,0.84
"Carl Landry *
(SAC)",Remove,F,30,7,18,12.9,4.2,3.2,0.3,0.1,0.2,0.52,0,0.82,0.8,2.3,0.5,244.7,32,7.4,0.57
"Willie Green
(ORL)",Remove,G,33,11,55,15.8,5,1.4,0.9,0.2,0.4,0.41,0.34,0.82,0.2,1.2,0.6,239.8,5,7.3,0.46
"Anthony Bennett
(MIN)",Add,F,21,1,51,13,4.3,3,0.3,0.2,0.4,0.39,0.25,0.64,1,2.1,0.9,102.9,62,7.3,0.56
"Alonzo Gee
(HOU)",Add,F,27,5,63,16.2,4.1,2.3,0.7,0.2,0.6,0.44,0.32,0.7,0.5,1.8,0.7,193.1,12,7.3,0.45
"Phil Pressey
(BOS)",Add,G,23,1,75,15.1,2.8,1.4,3.2,0.1,0.9,0.34,0.26,0.64,0.3,1.1,1.2,232.4,23,7.3,0.48
"Jeff Ayres
(SAS)",Add,F,27,4,73,13,3.3,3.5,0.8,0.3,0.2,0.58,0,0.69,1.2,2.3,0.9,251.7,16,7.3,0.56
"Toney Douglas
(MIA)",Add,G,28,5,48,13.9,4.2,1.8,1.4,0.1,0.4,0.48,0.3,0.74,0.4,1.4,0.7,263.4,12,7.2,0.52
"Tony Snell
(CHI)",Add,F,22,1,75,16.4,4.6,1.7,0.9,0.2,0.4,0.46,0.32,0.76,0.3,1.4,0.6,178.7,32,7.2,0.44
"Quincy Acy
(NYK)",Remove,F,23,2,61,13.9,2.8,3.5,0.5,0.4,0.4,0.49,0.27,0.66,1.2,2.4,0.5,168.4,27,7.1,0.51
"Nando De-Colo
(*FA)",Remove,G,27,2,43,11.5,4.1,1.7,1.5,0.1,0.5,0.46,0.34,0.89,0.3,1.3,0.8,226.7,12,7.1,0.62
"Marshon Brooks
(*FA)",Add,G,25,3,33,9.6,4.8,1.6,0.7,0.2,0.4,0.44,0.52,0.73,0.3,1.3,0.7,209.6,12,7,0.73
"Daniel Orton
(*FA)",Add,C,24,3,21,12,3.1,2.9,0.7,0.8,0.3,0.45,0,0.77,0.8,2.1,0.9,220.6,4,6.9,0.58
"Jeremy Tyler
(SAC)",Add,FC,23,3,38,10.4,3.8,2.9,0.2,0.5,0.2,0.52,0,0.54,1,1.9,0.7,174,23,6.9,0.66
"CJ McCollum
(POR)",Add,G,22,1,38,12.6,5.3,1.3,0.7,0.1,0.4,0.45,0.38,0.68,0.2,1.1,0.9,164.8,32,6.8,0.54
"Jason Terry *
(SAC)",Add,G,36,15,35,16.3,4.5,1.1,1.6,0,0.4,0.33,0.38,0.67,0.1,0.9,0.8,213.4,5,6.8,0.42
"Charlie Villanueva
(DET)",Remove,F,30,9,20,8.9,4.6,1.7,0.3,0.2,0.2,0.58,0.25,0.57,0.3,1.4,0.4,226.8,8,6.7,0.75
"Will Barton
(POR)",Remove,G,23,2,41,9.5,4,1.8,0.8,0.2,0.2,0.44,0.3,0.81,0.4,1.4,0.4,226.5,23,6.6,0.7
"Darius Morris
(POR)",Remove,G,23,3,24,12.6,4.4,1,1.8,0,0.5,0.47,0.33,0.67,0.3,0.8,1.1,308.5,4,6.6,0.52
"Antawn Jamison
(*FA)",Remove,F,38,16,21,11.5,3.6,2.4,0.3,0.1,0.4,0.36,0.2,0.72,0.4,2,0.3,214,5,6.6,0.57
"Hedo Turkoglu
(*FA)",Add,GF,35,14,38,10.4,3,2.3,0.9,0.3,0.5,0.34,0.44,0.5,0.3,2.1,0.4,196.8,12,6.6,0.64
"Chuck Hayes
(TOR)",Add,F,31,9,60,12.6,2.2,3.5,0.6,0.2,0.6,0.43,0,0.8,1.2,2.4,0.6,271.2,12,6.5,0.52
"Byron Mullens
(*FA)",Remove,FC,25,5,45,9.2,4.2,2,0.3,0.2,0.3,0.53,0.37,0.5,0.5,1.5,0.6,138.2,16,6.5,0.7
"Jason Maxiell
(*FA)",Add,F,31,9,34,14.3,3.2,2.5,0.3,0.6,0.2,0.45,0,0.48,0.8,1.7,0.4,242.7,15,6.4,0.45
"Rudy Gobert
(UTA)",Add,C,22,1,44,9.9,2.4,3.5,0.2,0.9,0.2,0.49,0,0.49,1.2,2.4,0.7,179,35,6.4,0.65
"Matt Bonner
(SAS)",Remove,F,34,10,59,11.8,3.3,2.2,0.5,0.2,0.3,0.47,0.43,0.75,0.3,1.9,0.3,187.3,4,6.3,0.53
"Greg Smith
(DAL)",Remove,C,23,3,10,9.9,3.8,2.7,0,0.2,0.1,0.64,0,0.4,1.1,1.6,0.5,213.2,23,6.3,0.64
"Josh Harrellson
(*FA)",Add,FC,25,3,31,10.1,3,2.5,0.5,0.5,0.2,0.51,0.4,0.71,1,1.5,0.3,238.7,15,6.3,0.62
"Aron Baynes
(SAS)",Remove,C,27,2,51,9.6,3.2,2.8,0.7,0.1,0,0.44,0,0.9,1.1,1.7,0.7,231.5,15,6.1,0.64
"Diante Garrett
(*FA)",Add,G,25,2,70,14.7,3.4,1.4,1.6,0.1,0.6,0.38,0.37,0.83,0.2,1.2,1,65,4,6.1,0.42
"Perry Jones
(OKL)",Add,F,22,2,61,12.6,3.5,1.9,0.4,0.3,0.2,0.51,0.36,0.67,0.5,1.4,0.3,236.3,20,6,0.48
"Greg Oden
(*FA)",Remove,C,26,4,23,9.2,2.9,2.3,0,0.6,0.3,0.55,0,0.57,1,1.3,0.5,154.1,16,5.7,0.62
"Chris Singleton
(*FA)",Add,F,24,3,23,10.7,3.2,2.4,0.3,0.1,0.4,0.37,0.37,0.72,0.8,1.6,0.7,244.5,15,5.6,0.52
"Archie Goodwin
(PHO)",Add,G,20,1,52,10.2,3.7,1.7,0.4,0.2,0.4,0.54,0.14,0.67,0.5,1.2,0.8,202,23,5.6,0.55
"John Lucas
(CLE)",Remove,G,31,2,42,14,3.8,0.9,1,0,0.3,0.35,0.3,0.63,0.3,0.6,0.5,244.1,4,5.5,0.39
"Steve Novak
(UTA)",Remove,F,31,8,48,11.2,3.7,1.2,0.3,0.1,0.2,0.33,0.43,1,0.2,1,0.1,240.8,5,5.4,0.48
"Landry Fields
(TOR)",Remove,F,26,4,28,11.4,2.4,2.1,0.7,0.1,0.4,0.44,0,0.64,0.5,1.6,0.4,216.8,23,5.4,0.47
"Dwight Buycks
(*FA)",Add,G,25,2,14,10.5,3.1,1.6,0.7,0,0.6,0.32,0.29,0.89,0.3,1.4,0.7,168.3,4,5.3,0.5
"Austin Daye
(SAS)",Remove,F,26,5,20,7.5,3.3,1.4,0.4,0.2,0.2,0.39,0.32,0.6,0.3,1.1,0.3,260.9,15,5.2,0.7
"Andre Roberson
(OKL)",Add,FG,22,1,38,10.4,2,2.4,0.4,0.3,0.5,0.56,0.15,0.7,0.9,1.5,0.5,256,20,5.1,0.49
"Aaron Gray
(DET)",Add,C,29,7,36,9.7,1.8,3.1,0.6,0.2,0.3,0.45,0,0.55,1.2,1.9,0.9,255.3,20,5.1,0.53
"Shane Larkin
(NYK)",Add,G,21,1,46,10.7,2.9,0.9,1.5,0,0.6,0.4,0.32,0.64,0.2,0.7,0.8,233,23,5.1,0.48
"Wayne Ellington
(SAC)",Add,G,26,5,42,9.4,3.5,1,0.5,0,0.4,0.45,0.42,0.91,0.2,0.8,0.3,275.1,5,5.1,0.54
"Eric Maynor
(*FA)",Remove,G,27,5,31,10.5,2.6,1.3,1.7,0.1,0.3,0.31,0.32,0.55,0.3,1,0.9,292.5,5,5,0.48
"John Jenkins *
(ATL)",Add,G,23,2,13,12.1,3.1,1.7,0.8,0.1,0.1,0.5,0.22,1,0.2,1.5,0.8,230,15,4.9,0.41
"Roger Mason-Jr
(*FA)",Add,G,34,9,25,10.4,3,0.9,0.8,0,0.2,0.42,0.36,1,0,0.8,0.3,218.5,4,4.6,0.44
"Marquis Teague
(BKL)",Add,G,21,2,39,11.2,2.7,1,1.5,0.1,0.2,0.33,0.28,0.74,0,1,1,286.4,16,4.6,0.41
"Peyton Siva
(*FA)",Add,G,23,1,21,10.6,2.6,0.7,1.6,0,0.4,0.33,0.29,0.73,0.1,0.6,0.9,318.6,12,4.5,0.43
"Jamaal Tinsley
(*FA)",Remove,G,36,11,8,13.8,1.1,1.4,2.9,0,0.2,0.6,0.07,0,0.3,1.1,1.1,261.7,4,4.5,0.33
"Gal Mekel
(DAL)",Add,G,26,1,31,9.4,2.4,0.9,2,0,0.1,0.38,0.25,0.67,0.2,0.7,1,236.3,5,4.4,0.47
"Victor Claver
(POR)",Remove,F,26,2,21,8.7,2.2,1.9,0.6,0.1,0.1,0.58,0.17,0.91,0.4,1.4,0.5,170,4,4.4,0.51
"Alex Len *
(PHO)",Add,C,21,1,42,8.6,2,2.4,0.1,0.4,0.1,0.42,0,0.65,0.9,1.4,0.6,172,43,4.4,0.51
"Garrett Temple
(WAS)",Remove,G,28,4,65,9.8,2.1,1,1.1,0.2,0.5,0.4,0.21,0.7,0.3,0.7,0.6,237.6,4,4.3,0.44
"Reggie Bullock
(LAC)",Add,G,23,1,41,9.6,2.8,1.3,0.3,0,0.2,0.44,0.3,0.78,0.3,1,0.3,204.9,12,4.3,0.45
"Otto Porter
(WAS)",Add,F,21,1,34,9.4,2.3,1.7,0.3,0,0.2,0.41,0.19,0.67,0.6,1.1,0.4,125,39,4.1,0.44
"Luigi Datome
(DET)",Remove,F,26,1,33,7.1,2.5,1.4,0.3,0,0.2,0.47,0.18,0.8,0.4,1,0.3,184.3,5,4.1,0.58
"Ryan Hollins
(*FA)",Remove,C,29,8,61,8,2.3,1.5,0.1,0.5,0.1,0.74,0,0.63,0.5,1,0.5,290.5,12,4.1,0.52
"Donald Sloan
(IND)",Add,G,26,3,48,8.2,2.3,0.9,1,0,0.2,0.45,0.24,0.6,0.1,0.8,0.5,162.4,4,4,0.49
"Jared Cunningham
(*FA)",Add,G,23,2,10,7.4,2.4,0.5,0.8,0,0.3,0.36,0.17,0.81,0,0.5,0.2,175.8,5,3.8,0.51
"Orlando Johnson
(*FA)",Add,G,25,2,44,8.9,2.3,1.2,0.5,0,0.1,0.41,0.19,0.73,0.2,1,0.3,235.3,5,3.8,0.43
"Brandon Rush
(GSW)",Add,G,29,6,38,11.1,2.1,1.2,0.6,0.2,0.1,0.33,0.34,0.6,0.1,1,0.5,234.8,12,3.7,0.33
"Solomon Hill
(IND)",Add,F,23,1,27,8.4,1.7,1.5,0.4,0.1,0.2,0.59,0.3,0.86,0.3,1.2,0.5,147.8,24,3.5,0.42
"Shannon Brown
(MIA)",Remove,G,28,8,24,9.2,2.3,1.1,0.3,0,0.5,0.38,0,0.68,0.3,0.8,0.7,220.6,8,3.5,0.38
"Allen Crabbe
(POR)",Add,G,22,1,14,6.9,2.4,0.6,0.4,0.1,0.1,0.32,0.43,0.75,0.1,0.6,0.2,242.3,4,3.4,0.49
"Stephen Jackson
(*FA)",Add,GF,36,14,9,11.8,1.7,1.1,0.6,0.1,0.7,0.42,0.07,0.5,0.2,0.9,0.7,284.6,5,3.4,0.29
"Jamaal Franklin
(MEM)",Add,G,23,1,20,8.1,2,1.1,0.3,0.1,0.2,0.39,0.45,1,0.2,1,0.5,246.5,12,3.2,0.4
"Seth Curry
(*FA)",Add,G,24,1,2,6.5,1.5,0.5,0,0,1,0,1,0,0,0.5,0,38.3,5,3,0.46
"Andris Biedrins
(*FA)",Remove,FC,28,10,6,7.3,0.5,2.8,0,0,0,1,0,0.17,0.3,2.5,0.3,220.2,5,3,0.41
"Hasheem Thabeet
(PHI)",Remove,C,27,5,23,8.4,1.2,1.7,0,0.4,0.2,0.57,0,0.2,0.4,1.3,0.6,266.7,8,2.9,0.35
"Joel Anthony
(BOS)",Add,C,32,7,28,6.6,0.9,1.4,0.1,0.4,0.1,0.38,0,0.33,0.5,0.8,0.1,136.2,5,2.8,0.42
"Tony Mitchell
(DET)",Add,F,22,1,11,4.2,1.4,1.2,0.1,0.2,0.1,0.4,1,0.57,0.8,0.4,0.2,215.3,5,2.7,0.65
"Bernard James
(DAL)",Add,F,29,2,28,5.1,1,1.5,0.1,0.3,0.1,0.5,0,0.55,0.5,1,0.4,261.3,5,2.6,0.51
"Jason Collins
(*FA)",Add,C,35,13,20,8.7,1.2,1,0.2,0,0.4,0.52,0,0.75,0.4,0.6,0.4,251.4,4,2.5,0.29
"Hamady Ndiaye
(*FA)",Add,C,27,4,11,6.6,0.5,1.5,0.3,0.4,0,0.33,0,0,0.5,1.1,0.3,61,4,2.5,0.38
"AJ Price
(*FA)",Add,G,27,5,26,3.8,1.7,0.4,0.5,0,0,0.54,0.27,0,0,0.3,0.3,279.1,4,2.3,0.6
"Nemanja Nedovic
(GSW)",Add,G,23,1,21,6.7,1.2,0.7,0.6,0,0,0.24,0.17,0.88,0.1,0.6,0.6,258.5,4,2,0.3
"Ryan Gomes
(*FA)",Add,F,32,9,5,6.6,1.2,0.8,0.2,0,0,0.5,0,0,0,0.8,0.2,234.9,4,2,0.3
"Ronnie Brewer
(*FA)",Add,G,29,8,20,7.9,0.4,0.7,0.5,0,0.3,0.29,0.13,0,0.1,0.6,0.1,204.6,4,1.8,0.23
"Viacheslav Kravtsov
(*FA)",Add,C,27,2,18,3.3,1.1,0.9,0.1,0.1,0,0.53,0,0.5,0.5,0.4,0.3,249.4,4,1.8,0.54
"Erik Murphy
(CLE)",Add,F,23,1,18,3.3,0.3,0.4,0.1,0.2,0,0.33,0,0,0.1,0.3,0.1,198.5,4,1,0.3
"Royce White
(*FA)",Add,F,23,2,3,3,0,0,0,0,0,0,0,0,0,0,0,249.6,4,0,0
